{"type":"FeatureCollection","features":[{"type":"Feature","properties":{"name":"臺中港科技產業園區","type":"科技產業園區","status":"已開發","manager":"經濟部產業園區管理局","county":"臺中市","parkId":0},"geometry":{"type":"Polygon","coordinates":[[[120.511177,24.248226],[120.519187,24.245292],[120.520559,24.245082],[120.513989,24.229982],[120.510581,24.230127],[120.503307,24.231767],[120.510185,24.247923],[120.510327,24.247994],[120.510986,24.247772],[120.511177,24.248226]]]}},{"type":"Feature","properties":{"name":"潭子科技產業園區","type":"科技產業園區","status":"已開發","manager":"經濟部產業園區管理局","county":"臺中市","parkId":1},"geometry":{"type":"Polygon","coordinates":[[[120.700306,24.220345],[120.702926,24.220246],[120.702885,24.219709],[120.703889,24.219717],[120.703792,24.219262],[120.704728,24.219185],[120.705048,24.218623],[120.705637,24.218073],[120.70517,24.216078],[120.704572,24.216192],[120.704178,24.216491],[120.70298,24.216576],[120.702137,24.216906],[120.698223,24.216813],[120.698428,24.217119],[120.69794,24.2178],[120.697875,24.218074],[120.698173,24.218661],[120.698097,24.218944],[120.698652,24.220083],[120.698879,24.220298],[120.700253,24.220154],[120.700306,24.220345]]]}},{"type":"Feature","properties":{"name":"台中軟體園區","type":"科技產業園區","status":"已開發","manager":"經濟部產業園區管理局","county":"臺中市","parkId":2},"geometry":{"type":"Polygon","coordinates":[[[120.694524,24.083756],[120.694177,24.083725],[120.69403,24.084346],[120.695336,24.084691],[120.694834,24.086303],[120.696112,24.086641],[120.696896,24.08428],[120.696672,24.084104],[120.694524,24.083756]]]}},{"type":"Feature","properties":{"name":"屏東科技產業園區","type":"科技產業園區","status":"已開發","manager":"經濟部產業園區管理局","county":"屏東縣","parkId":3},"geometry":{"type":"MultiPolygon","coordinates":[[[[120.458804,22.634285],[120.458746,22.633605],[120.458809,22.634417],[120.458804,22.634285]]],[[[120.455556,22.633757],[120.450718,22.632714],[120.45019,22.634336],[120.447834,22.633721],[120.446976,22.636932],[120.453994,22.638872],[120.451201,22.647927],[120.457762,22.649712],[120.458261,22.648157],[120.459625,22.648527],[120.459358,22.64718],[120.458085,22.644273],[120.457847,22.643205],[120.458617,22.636693],[120.458566,22.636319],[120.458797,22.6353],[120.458809,22.634417],[120.455556,22.633757]]]]}},{"type":"Feature","properties":{"name":"前鎮科技產業園區","type":"科技產業園區","status":"已開發","manager":"經濟部產業園區管理局","county":"高雄市","parkId":4},"geometry":{"type":"Polygon","coordinates":[[[120.286526,22.608296],[120.289947,22.606711],[120.290465,22.606322],[120.290854,22.605809],[120.292423,22.601792],[120.292608,22.601803],[120.294162,22.59778],[120.294799,22.597921],[120.295174,22.597748],[120.294849,22.597879],[120.294042,22.597606],[120.2945,22.596118],[120.297231,22.589039],[120.297198,22.588882],[120.296244,22.588684],[120.29586,22.588807],[120.295536,22.589081],[120.288888,22.599485],[120.288758,22.599865],[120.288829,22.600342],[120.289121,22.600724],[120.289607,22.600992],[120.285399,22.607638],[120.28542,22.608039],[120.285681,22.608338],[120.286069,22.608441],[120.286526,22.608296]]]}},{"type":"Feature","properties":{"name":"楠梓科技產業園區","type":"科技產業園區","status":"已開發","manager":"經濟部產業園區管理局","county":"高雄市","parkId":5},"geometry":{"type":"Polygon","coordinates":[[[120.310905,22.720225],[120.311055,22.720165],[120.31062,22.719985],[120.310656,22.7199],[120.310589,22.720008],[120.30119,22.716472],[120.298283,22.723201],[120.301535,22.724973],[120.308101,22.725585],[120.309151,22.725851],[120.310439,22.726403],[120.311293,22.725659],[120.310898,22.724776],[120.312034,22.72232],[120.310355,22.721612],[120.310905,22.720225]],[[120.310896,22.720208],[120.310804,22.720171],[120.310852,22.720176],[120.310896,22.720208]]]}},{"type":"Feature","properties":{"name":"高雄軟體園區","type":"科技產業園區","status":"已開發","manager":"經濟部產業園區管理局","county":"高雄市","parkId":6},"geometry":{"type":"Polygon","coordinates":[[[120.301101,22.60415],[120.300341,22.603894],[120.297062,22.603872],[120.296994,22.605043],[120.300512,22.606217],[120.301282,22.604211],[120.301101,22.60415]]]}},{"type":"Feature","properties":{"name":"成功物流園區","type":"科技產業園區","status":"已開發","manager":"經濟部產業園區管理局","county":"高雄市","parkId":7},"geometry":{"type":"Polygon","coordinates":[[[120.304961,22.596719],[120.304636,22.596611],[120.303813,22.598918],[120.306971,22.599972],[120.30785,22.5977],[120.304961,22.596719]]]}},{"type":"Feature","properties":{"name":"臨廣科技產業園區","type":"科技產業園區","status":"已開發","manager":"經濟部產業園區管理局","county":"高雄市","parkId":8},"geometry":{"type":"Polygon","coordinates":[[[120.320784,22.576724],[120.320837,22.576659],[120.317797,22.574504],[120.316361,22.576203],[120.316992,22.576644],[120.317459,22.576748],[120.319501,22.578277],[120.320784,22.576724]]]}},{"type":"Feature","properties":{"name":"楠梓科技產業園區二期","type":"科技產業園區","status":"已開發","manager":"經濟部產業園區","county":"高雄市","parkId":9},"geometry":{"type":"Polygon","coordinates":[[[120.302188,22.713019],[120.302475,22.712193],[120.302245,22.711464],[120.300686,22.712491],[120.30022,22.711895],[120.29999,22.712127],[120.299907,22.712248],[120.300297,22.712388],[120.300001,22.713214],[120.299684,22.713544],[120.299647,22.714681],[120.300165,22.715054],[120.299881,22.715765],[120.300825,22.716114],[120.300966,22.716053],[120.302188,22.713019]]]}},{"type":"Feature","properties":{"name":"臺中神岡豐洲科技工業園區","type":"報編產業園區","status":"已開發","manager":"台中市政府","county":"臺中市","parkId":10},"geometry":{"type":"Polygon","coordinates":[[[120.713198,24.278248],[120.712648,24.277901],[120.711907,24.277709],[120.711975,24.27759],[120.711594,24.277505],[120.711625,24.27767],[120.71066,24.277534],[120.71071,24.277778],[120.710289,24.277577],[120.709818,24.277564],[120.709725,24.277312],[120.709132,24.277013],[120.708176,24.276958],[120.70612,24.276295],[120.705538,24.276559],[120.705068,24.276363],[120.705595,24.275459],[120.705287,24.275319],[120.704886,24.276231],[120.703333,24.276403],[120.702167,24.276851],[120.701174,24.276679],[120.700907,24.276436],[120.701004,24.276256],[120.700513,24.276071],[120.700741,24.275977],[120.700541,24.275998],[120.700057,24.276215],[120.699092,24.276978],[120.697397,24.276903],[120.6962,24.277044],[120.695082,24.277658],[120.694097,24.277823],[120.694118,24.278276],[120.695622,24.277869],[120.696039,24.277907],[120.696111,24.278074],[120.696223,24.278491],[120.696059,24.278902],[120.694574,24.279514],[120.713083,24.279087],[120.713198,24.278248]]]}},{"type":"Feature","properties":{"name":"臺中精密機械科技創新園區","type":"報編產業園區","status":"已開發","manager":"台中市政府","county":"臺中市","parkId":11},"geometry":{"type":"Polygon","coordinates":[[[120.593667,24.15495],[120.595849,24.154193],[120.598238,24.151975],[120.598307,24.151652],[120.598642,24.151463],[120.601095,24.150853],[120.601169,24.150962],[120.606192,24.149567],[120.606886,24.149335],[120.606997,24.149111],[120.607948,24.149144],[120.607278,24.148459],[120.607428,24.148119],[120.607035,24.147862],[120.607173,24.14677],[120.606416,24.145686],[120.606438,24.145539],[120.60675,24.145436],[120.605714,24.141667],[120.604427,24.141593],[120.603393,24.141784],[120.602379,24.141636],[120.601464,24.141881],[120.600325,24.141818],[120.600075,24.142084],[120.600158,24.142901],[120.598508,24.144779],[120.599177,24.145799],[120.598609,24.146222],[120.598607,24.146544],[120.598417,24.146842],[120.597393,24.147836],[120.596729,24.14772],[120.596297,24.148212],[120.597148,24.148724],[120.596389,24.149598],[120.592275,24.151309],[120.591801,24.151369],[120.59076,24.151023],[120.590731,24.15113],[120.590571,24.15112],[120.589741,24.150639],[120.590447,24.151137],[120.59013,24.152054],[120.590335,24.152393],[120.590741,24.152432],[120.591994,24.15182],[120.592335,24.151792],[120.592474,24.152434],[120.592619,24.152412],[120.592505,24.152894],[120.591794,24.15327],[120.591782,24.153566],[120.592313,24.15392],[120.592375,24.154426],[120.593143,24.154411],[120.593262,24.154698],[120.593667,24.15495]],[[120.59071,24.151206],[120.590712,24.1512],[120.590726,24.151202],[120.59071,24.151206]],[[120.602209,24.144348],[120.602208,24.144346],[120.60221,24.144349],[120.602209,24.144348]]]}},{"type":"Feature","properties":{"name":"太平工業區","type":"報編產業園區","status":"已開發","manager":"公民營事業","county":"臺中市","parkId":12},"geometry":{"type":"Polygon","coordinates":[[[120.733085,24.130243],[120.730703,24.126876],[120.729142,24.124379],[120.727343,24.122042],[120.726288,24.120046],[120.726419,24.120558],[120.724935,24.121091],[120.725646,24.122412],[120.725867,24.122571],[120.725449,24.123145],[120.726527,24.124137],[120.726471,24.12424],[120.726639,24.124397],[120.726528,24.124724],[120.726229,24.125034],[120.727077,24.126242],[120.727588,24.126523],[120.727754,24.126265],[120.728449,24.126613],[120.729278,24.127229],[120.729186,24.127543],[120.730092,24.128001],[120.729763,24.128734],[120.731217,24.129531],[120.730898,24.129961],[120.732502,24.130197],[120.733414,24.130687],[120.733085,24.130243]]]}},{"type":"Feature","properties":{"name":"外埔工業用地(水美工業區)","type":"報編產業園區","status":"自行購地設廠","manager":"台中市政府","county":"臺中市","parkId":13},"geometry":{"type":"Polygon","coordinates":[[[120.635247,24.327764],[120.635067,24.327231],[120.634981,24.327243],[120.634741,24.324212],[120.633363,24.324364],[120.633326,24.324251],[120.63274,24.324285],[120.632729,24.324384],[120.631244,24.324655],[120.630978,24.324854],[120.630203,24.324893],[120.630189,24.325255],[120.628996,24.325457],[120.629252,24.327159],[120.630033,24.327666],[120.630557,24.327768],[120.631908,24.327564],[120.632881,24.32776],[120.633643,24.328243],[120.635282,24.328107],[120.635247,24.327764]]]}},{"type":"Feature","properties":{"name":"臺中精密機械科技創新園區二期","type":"報編產業園區","status":"開發中","manager":"台中市政府","county":"臺中市","parkId":14},"geometry":{"type":"MultiPolygon","coordinates":[[[[120.590714,24.1512],[120.59071,24.151206],[120.590728,24.151203],[120.590714,24.1512]]],[[[120.591894,24.151357],[120.592275,24.151309],[120.596293,24.149677],[120.597148,24.148724],[120.596297,24.148212],[120.596729,24.14772],[120.595787,24.147322],[120.591491,24.147307],[120.591349,24.146896],[120.591236,24.146863],[120.589291,24.146727],[120.588352,24.147299],[120.586347,24.147426],[120.585675,24.147868],[120.586377,24.148256],[120.58683,24.148669],[120.587464,24.149354],[120.587784,24.149959],[120.58974,24.150628],[120.590622,24.151119],[120.59076,24.151023],[120.591894,24.151357]]]]}},{"type":"Feature","properties":{"name":"臺中仁化工業區","type":"報編產業園區","status":"已開發","manager":"興辦工業人","county":"臺中市","parkId":15},"geometry":{"type":"Polygon","coordinates":[[[120.722604,24.094257],[120.72385,24.094],[120.723562,24.093456],[120.724089,24.093427],[120.724573,24.093238],[120.724572,24.092998],[120.724712,24.092982],[120.725164,24.093412],[120.725657,24.093639],[120.726109,24.093637],[120.726266,24.093508],[120.726418,24.093113],[120.726217,24.091662],[120.727368,24.091469],[120.727165,24.090498],[120.727838,24.090266],[120.727655,24.089098],[120.725139,24.089341],[120.725347,24.090398],[120.724953,24.090516],[120.72485,24.09035],[120.724346,24.090403],[120.724371,24.090537],[120.724146,24.090687],[120.7242,24.090908],[120.723453,24.091263],[120.723764,24.091814],[120.721898,24.092206],[120.721599,24.092414],[120.721264,24.09195],[120.720682,24.092301],[120.720308,24.090754],[120.71888,24.091157],[120.719445,24.093941],[120.719104,24.094306],[120.719889,24.094219],[120.720969,24.09602],[120.723776,24.095136],[120.723536,24.094507],[120.722669,24.094478],[120.722604,24.094257]]]}},{"type":"Feature","properties":{"name":"霧峰工業區","type":"報編產業園區","status":"開發中","manager":"公民營事業","county":"臺中市","parkId":16},"geometry":{"type":"Polygon","coordinates":[[[120.67893,24.064354],[120.679172,24.062832],[120.67955,24.06217],[120.6795,24.062031],[120.679673,24.061819],[120.679832,24.061789],[120.679904,24.061927],[120.679957,24.061819],[120.680684,24.05844],[120.680977,24.057664],[120.677569,24.058624],[120.677298,24.058933],[120.67726,24.058697],[120.676606,24.058776],[120.676534,24.059175],[120.676159,24.059662],[120.676316,24.060292],[120.676137,24.060592],[120.676528,24.060915],[120.676813,24.062038],[120.676983,24.062223],[120.677343,24.06221],[120.677806,24.062877],[120.677674,24.063985],[120.677144,24.06397],[120.677011,24.064155],[120.677821,24.064468],[120.677994,24.064265],[120.678198,24.064245],[120.678522,24.064633],[120.678858,24.064738],[120.67893,24.064354]]]}},{"type":"Feature","properties":{"name":"豐興公司后里新廠工業區","type":"報編產業園區","status":"開發中","manager":"興辦工業人","county":"臺中市","parkId":17},"geometry":{"type":"Polygon","coordinates":[[[120.714496,24.318661],[120.714416,24.318501],[120.713756,24.318645],[120.713409,24.317825],[120.71293,24.317557],[120.711256,24.317924],[120.711117,24.318096],[120.711228,24.319185],[120.715522,24.320984],[120.715499,24.320659],[120.714496,24.318661]]]}},{"type":"Feature","properties":{"name":"神岡豐洲科技工業園區二期","type":"報編產業園區","status":"編定中","manager":"台中市政府","county":"臺中市","parkId":18},"geometry":{"type":"Polygon","coordinates":[[[120.674147,24.28242],[120.679725,24.281249],[120.685766,24.280283],[120.685804,24.279067],[120.68455,24.278359],[120.683693,24.278147],[120.682553,24.277443],[120.682032,24.277354],[120.681364,24.277434],[120.680108,24.27714],[120.679624,24.277625],[120.67948,24.277615],[120.679747,24.278102],[120.679707,24.278389],[120.679484,24.278456],[120.676769,24.278601],[120.676111,24.278524],[120.676104,24.278347],[120.675917,24.278252],[120.674951,24.278168],[120.673992,24.278442],[120.674007,24.27871],[120.673358,24.278633],[120.67242,24.27904],[120.672263,24.279236],[120.671889,24.27905],[120.671851,24.279129],[120.672128,24.27929],[120.671875,24.279642],[120.671523,24.279444],[120.671305,24.279682],[120.670841,24.279727],[120.670713,24.279933],[120.668124,24.280365],[120.669365,24.283479],[120.668782,24.283724],[120.668834,24.28385],[120.674147,24.28242]]]}},{"type":"Feature","properties":{"name":"臺中市烏日區明傳產業園區","type":"報編產業園區","status":"已編定未開發","manager":"公民營事業","county":"臺中市","parkId":19},"geometry":{"type":"Polygon","coordinates":[[[120.628954,24.098275],[120.630447,24.097406],[120.630871,24.097014],[120.632957,24.09603],[120.632548,24.096153],[120.634002,24.094864],[120.632323,24.09515],[120.632272,24.094934],[120.631883,24.094994],[120.629334,24.095734],[120.629251,24.096124],[120.629153,24.096083],[120.628623,24.096814],[120.62852,24.096765],[120.628104,24.097425],[120.627445,24.098895],[120.627542,24.098967],[120.628035,24.098611],[120.628954,24.098275]]]}},{"type":"Feature","properties":{"name":"太平產業園區","type":"報編產業園區","status":"開發中","manager":"台中市政府","county":"臺中市","parkId":20},"geometry":{"type":"Polygon","coordinates":[[[120.724891,24.10111],[120.72321,24.102181],[120.723485,24.102439],[120.724043,24.102314],[120.724695,24.10255],[120.72542,24.102552],[120.725671,24.102848],[120.72649,24.101695],[120.727256,24.101769],[120.727223,24.101959],[120.7276,24.101905],[120.727608,24.102056],[120.727753,24.102119],[120.727867,24.101953],[120.728293,24.101787],[120.728194,24.101381],[120.728002,24.10142],[120.728545,24.100718],[120.728801,24.100639],[120.728779,24.099309],[120.728133,24.09933],[120.727485,24.099696],[120.72633,24.098195],[120.726171,24.098226],[120.724395,24.099293],[120.725515,24.100874],[120.725316,24.101221],[120.725236,24.100874],[120.724891,24.10111]]]}},{"type":"Feature","properties":{"name":"潭子聚興產業園區","type":"報編產業園區","status":"開發中","manager":"台中市政府","county":"臺中市","parkId":21},"geometry":{"type":"MultiPolygon","coordinates":[[[[120.719737,24.212695],[120.719158,24.212688],[120.719691,24.21271],[120.719737,24.212695]]],[[[120.720521,24.214032],[120.721129,24.213919],[120.72094,24.213139],[120.721006,24.21298],[120.720873,24.212778],[120.720866,24.212123],[120.720619,24.211793],[120.7206,24.211555],[120.720962,24.211524],[120.722014,24.211026],[120.721827,24.210067],[120.719685,24.210408],[120.719541,24.209494],[120.719265,24.209758],[120.719314,24.209832],[120.719049,24.209812],[120.719068,24.209626],[120.718892,24.209481],[120.718712,24.209478],[120.718762,24.20962],[120.718535,24.209591],[120.718257,24.209334],[120.717873,24.209346],[120.717089,24.208901],[120.717067,24.210225],[120.717282,24.211885],[120.71767,24.21202],[120.71772,24.21246],[120.71794,24.212814],[120.719736,24.21268],[120.719845,24.213852],[120.720521,24.214032]]]]}},{"type":"Feature","properties":{"name":"永康科技工業區","type":"報編產業園區","status":"已開發","manager":"台南市政府","county":"臺南市","parkId":22},"geometry":{"type":"Polygon","coordinates":[[[120.281696,23.048206],[120.282815,23.043309],[120.280311,23.042644],[120.281439,23.038997],[120.283616,23.03959],[120.283851,23.038706],[120.283549,23.038488],[120.283806,23.037674],[120.284042,23.037736],[120.284703,23.034898],[120.280681,23.033839],[120.281203,23.032055],[120.280738,23.031927],[120.280471,23.032826],[120.275933,23.031619],[120.276431,23.032057],[120.276544,23.034112],[120.275546,23.034228],[120.275183,23.03534],[120.273332,23.041777],[120.273222,23.041748],[120.273654,23.043078],[120.274641,23.045183],[120.275327,23.047016],[120.276047,23.046259],[120.281259,23.049788],[120.281696,23.048206]]]}},{"type":"Feature","properties":{"name":"柳營科技工業區","type":"報編產業園區","status":"已開發","manager":"台南市政府","county":"臺南市","parkId":23},"geometry":{"type":"Polygon","coordinates":[[[120.351178,23.287548],[120.356623,23.286067],[120.360828,23.285894],[120.365246,23.285297],[120.363643,23.280954],[120.363661,23.280465],[120.36176,23.271889],[120.361919,23.270334],[120.361831,23.268234],[120.361948,23.268109],[120.361652,23.268025],[120.361509,23.26819],[120.361287,23.268176],[120.36061,23.267934],[120.359771,23.267783],[120.359504,23.267842],[120.359349,23.267717],[120.35818,23.267507],[120.357518,23.267164],[120.356246,23.267478],[120.355795,23.267456],[120.355693,23.267306],[120.355371,23.26737],[120.35545,23.267561],[120.354906,23.267676],[120.353983,23.267621],[120.353471,23.268001],[120.352344,23.268327],[120.352199,23.268594],[120.351912,23.268675],[120.351894,23.268584],[120.35101,23.269119],[120.350906,23.268948],[120.35039,23.269242],[120.349666,23.268735],[120.349454,23.268791],[120.349479,23.26917],[120.348656,23.269032],[120.34843,23.269201],[120.34916,23.27033],[120.351231,23.271772],[120.352001,23.273097],[120.352894,23.275851],[120.353002,23.279157],[120.352916,23.279512],[120.350426,23.284536],[120.348693,23.288531],[120.351178,23.287548]]]}},{"type":"Feature","properties":{"name":"樹谷產業園區\n(南科液晶電視及產業支援專區)","type":"報編產業園區","status":"已開發","manager":"台南市政府","county":"臺南市","parkId":24},"geometry":{"type":"MultiPolygon","coordinates":[[[[120.266411,23.103787],[120.266404,23.10377],[120.266393,23.103788],[120.266411,23.103787]]],[[[120.262274,23.108423],[120.264608,23.103924],[120.264829,23.102212],[120.270811,23.102153],[120.271005,23.100033],[120.270932,23.099716],[120.271073,23.099426],[120.270976,23.099085],[120.271015,23.097922],[120.270837,23.096716],[120.270619,23.096376],[120.266292,23.095538],[120.265925,23.095233],[120.265699,23.094678],[120.265661,23.091616],[120.265969,23.091154],[120.267052,23.090368],[120.266128,23.090024],[120.265143,23.08985],[120.260616,23.089528],[120.260976,23.089706],[120.261184,23.090164],[120.260975,23.092382],[120.260661,23.092828],[120.260271,23.092926],[120.253436,23.092571],[120.252546,23.092628],[120.250964,23.093261],[120.250889,23.093701],[120.250576,23.093814],[120.250392,23.094887],[120.250587,23.09503],[120.250724,23.095624],[120.251033,23.096159],[120.252927,23.09754],[120.253411,23.098064],[120.254067,23.099702],[120.253916,23.100989],[120.25287,23.103496],[120.255395,23.104987],[120.256387,23.105485],[120.256425,23.105407],[120.260473,23.107536],[120.26218,23.108582],[120.262274,23.108423]]]]}},{"type":"Feature","properties":{"name":"新吉工業區","type":"報編產業園區","status":"開發中","manager":"台南市政府","county":"臺南市","parkId":25},"geometry":{"type":"Polygon","coordinates":[[[120.196129,23.089798],[120.192505,23.081547],[120.192214,23.081637],[120.190144,23.076915],[120.190357,23.076904],[120.187313,23.072238],[120.185623,23.071569],[120.186007,23.072557],[120.18094,23.072394],[120.180917,23.072675],[120.180574,23.072727],[120.180735,23.073722],[120.181267,23.073762],[120.181071,23.073821],[120.181103,23.074191],[120.18139,23.074225],[120.181533,23.074676],[120.180844,23.075143],[120.181362,23.075594],[120.181567,23.076063],[120.180838,23.076766],[120.19634,23.091738],[120.19678,23.091423],[120.196129,23.089798]]]}},{"type":"Feature","properties":{"name":"保安工業區","type":"報編產業園區","status":"已開發","manager":"公民營事業","county":"臺南市","parkId":26},"geometry":{"type":"Polygon","coordinates":[[[120.2481,22.925379],[120.248224,22.925545],[120.248213,22.924645],[120.248374,22.924629],[120.248383,22.924153],[120.248585,22.92439],[120.248676,22.92509],[120.249216,22.925049],[120.24938,22.925455],[120.250617,22.925228],[120.25161,22.925485],[120.251948,22.925148],[120.252238,22.922948],[120.252466,22.922573],[120.252412,22.922081],[120.252228,22.921317],[120.251736,22.921306],[120.251449,22.920638],[120.251461,22.920332],[120.250466,22.920215],[120.249972,22.919933],[120.249558,22.920014],[120.249343,22.919761],[120.248697,22.919755],[120.248873,22.919363],[120.248339,22.919172],[120.248348,22.918931],[120.248089,22.918817],[120.24811,22.918429],[120.247657,22.918258],[120.246766,22.918381],[120.246608,22.917924],[120.244019,22.920711],[120.242372,22.922089],[120.241811,22.92282],[120.242631,22.923486],[120.242385,22.923682],[120.242568,22.923849],[120.24315,22.924018],[120.243735,22.923934],[120.244304,22.924068],[120.244487,22.924587],[120.245006,22.924899],[120.245728,22.924702],[120.24587,22.924868],[120.245959,22.925558],[120.246821,22.925289],[120.247258,22.925491],[120.247646,22.925332],[120.247723,22.925754],[120.248159,22.9261],[120.248368,22.925932],[120.248054,22.925635],[120.247957,22.925397],[120.2481,22.925379]]]}},{"type":"Feature","properties":{"name":"新市工業區","type":"報編產業園區","status":"已開發","manager":"公民營事業","county":"臺南市","parkId":27},"geometry":{"type":"Polygon","coordinates":[[[120.299632,23.082052],[120.302908,23.080104],[120.30133,23.075836],[120.299233,23.075923],[120.299183,23.077329],[120.299392,23.077792],[120.299416,23.078322],[120.298341,23.078265],[120.297642,23.078428],[120.297558,23.078209],[120.296886,23.078354],[120.297095,23.079858],[120.299632,23.082052]]]}},{"type":"Feature","properties":{"name":"龍船工業區","type":"報編產業園區","status":"已開發","manager":"興辦工業人","county":"臺南市","parkId":28},"geometry":{"type":"Polygon","coordinates":[[[120.391233,22.952978],[120.391625,22.952878],[120.391857,22.952669],[120.391838,22.952056],[120.391978,22.951695],[120.392578,22.951556],[120.39299,22.951618],[120.39318,22.952313],[120.393459,22.952182],[120.393486,22.952],[120.393852,22.951638],[120.393865,22.951404],[120.393603,22.950915],[120.393391,22.950964],[120.393125,22.950594],[120.393093,22.950501],[120.393306,22.950369],[120.393092,22.9498],[120.393256,22.949885],[120.393351,22.949665],[120.392955,22.949609],[120.392638,22.948409],[120.392738,22.948265],[120.392425,22.948093],[120.392259,22.948065],[120.39238,22.948128],[120.392262,22.948252],[120.392474,22.948397],[120.392153,22.948323],[120.391849,22.948046],[120.391673,22.948101],[120.390918,22.948807],[120.390293,22.94853],[120.390164,22.948927],[120.389672,22.949587],[120.389652,22.950454],[120.389016,22.951116],[120.389114,22.951462],[120.388811,22.951982],[120.389123,22.952271],[120.389709,22.952731],[120.390246,22.952442],[120.390911,22.95265],[120.391233,22.952978]]]}},{"type":"Feature","properties":{"name":"台南市學甲段","type":"報編產業園區","status":"已開發","manager":"興辦工業人","county":"臺南市","parkId":29},"geometry":{"type":"Polygon","coordinates":[[[120.17043,23.2626],[120.170003,23.26146],[120.170935,23.261145],[120.172108,23.260995],[120.172103,23.260401],[120.170912,23.257267],[120.171095,23.257359],[120.172346,23.257321],[120.17225,23.255824],[120.172538,23.25585],[120.172554,23.255759],[120.172316,23.254929],[120.170831,23.254945],[120.170513,23.255762],[120.170395,23.255763],[120.169975,23.254824],[120.170832,23.254604],[120.1714,23.253203],[120.171114,23.253322],[120.170367,23.251876],[120.169352,23.252002],[120.169368,23.251544],[120.167855,23.251496],[120.167865,23.252155],[120.169238,23.253821],[120.169493,23.254475],[120.169747,23.255796],[120.169944,23.255781],[120.169837,23.256026],[120.169862,23.257023],[120.16956,23.257068],[120.169556,23.258055],[120.168752,23.25812],[120.168522,23.25772],[120.167787,23.257855],[120.167834,23.2582],[120.166941,23.258516],[120.167244,23.262246],[120.167513,23.262479],[120.1685,23.26247],[120.168586,23.262784],[120.168528,23.264418],[120.169151,23.265653],[120.171257,23.264984],[120.17043,23.2626]]]}},{"type":"Feature","properties":{"name":"台南市南廓段","type":"報編產業園區","status":"已開發","manager":"興辦工業人","county":"臺南市","parkId":30},"geometry":{"type":"Polygon","coordinates":[[[120.312905,23.228397],[120.314965,23.228279],[120.316335,23.228041],[120.317336,23.22706],[120.317199,23.226341],[120.317427,23.225896],[120.317268,23.225814],[120.316878,23.226143],[120.316872,23.227252],[120.316602,23.227529],[120.316373,23.227542],[120.316409,23.227405],[120.315335,23.227014],[120.315317,23.225781],[120.314459,23.225803],[120.314168,23.225625],[120.313271,23.225686],[120.313255,23.225525],[120.312846,23.225503],[120.312816,23.225685],[120.312493,23.225684],[120.31211,23.225977],[120.311467,23.226026],[120.311402,23.225715],[120.309633,23.225695],[120.309625,23.225866],[120.309809,23.225908],[120.309732,23.226121],[120.309935,23.226488],[120.309967,23.226245],[120.31039,23.226521],[120.310906,23.226609],[120.311046,23.226504],[120.311191,23.226728],[120.311195,23.227537],[120.31136,23.227712],[120.312628,23.227401],[120.312795,23.227536],[120.313199,23.228135],[120.312905,23.228397]]]}},{"type":"Feature","properties":{"name":"土庫工業用地","type":"報編產業園區","status":"自行購地設廠","manager":"台南市政府","county":"臺南市","parkId":31},"geometry":{"type":"MultiPolygon","coordinates":[[[[120.338251,23.320196],[120.338253,23.320195],[120.338251,23.320195],[120.338251,23.320196]]],[[[120.338251,23.320196],[120.338473,23.31922],[120.339368,23.319315],[120.339369,23.319151],[120.335165,23.316331],[120.333683,23.318216],[120.337194,23.321807],[120.337977,23.321743],[120.338251,23.320196]]]]}},{"type":"Feature","properties":{"name":"安定工業用地","type":"報編產業園區","status":"自行購地設廠","manager":"台南市政府","county":"臺南市","parkId":32},"geometry":{"type":"Polygon","coordinates":[[[120.210687,23.078012],[120.2119,23.077893],[120.213772,23.073995],[120.213369,23.073558],[120.207331,23.07144],[120.208915,23.076006],[120.20983,23.077462],[120.210007,23.078015],[120.210687,23.078012]]]}},{"type":"Feature","properties":{"name":"上崙工業用地","type":"報編產業園區","status":"自行購地設廠","manager":"台南市政府","county":"臺南市","parkId":33},"geometry":{"type":"Polygon","coordinates":[[[120.249062,22.935944],[120.254424,22.930123],[120.254813,22.929262],[120.254732,22.92923],[120.255378,22.928113],[120.255459,22.928177],[120.255765,22.927822],[120.256107,22.928196],[120.256327,22.927699],[120.256486,22.9278],[120.256091,22.927518],[120.255974,22.927172],[120.254742,22.925958],[120.254329,22.926232],[120.253425,22.92718],[120.253005,22.927405],[120.252605,22.927304],[120.252083,22.927743],[120.251783,22.927631],[120.25146,22.927722],[120.250553,22.927454],[120.249945,22.927046],[120.249538,22.927186],[120.249199,22.92714],[120.248891,22.92655],[120.248682,22.926446],[120.248,22.926805],[120.247141,22.925369],[120.246821,22.925289],[120.24596,22.925563],[120.24577,22.924686],[120.245006,22.924899],[120.244374,22.924468],[120.244296,22.924064],[120.243724,22.923934],[120.243129,22.924014],[120.24233,22.923731],[120.240635,22.925234],[120.240519,22.925178],[120.240564,22.925299],[120.243553,22.927825],[120.24444,22.928871],[120.245003,22.929754],[120.246338,22.932529],[120.247803,22.937239],[120.249062,22.935944]]]}},{"type":"Feature","properties":{"name":"山上工業用地","type":"報編產業園區","status":"自行購地設廠","manager":"台南市政府","county":"臺南市","parkId":34},"geometry":{"type":"Polygon","coordinates":[[[120.344574,23.115644],[120.345399,23.115537],[120.345748,23.115335],[120.346465,23.113023],[120.34535,23.11265],[120.344541,23.111959],[120.343961,23.111834],[120.343026,23.111277],[120.342798,23.110909],[120.342161,23.110504],[120.341172,23.110146],[120.341157,23.109992],[120.341462,23.109184],[120.341874,23.10882],[120.342181,23.108232],[120.342398,23.107402],[120.342583,23.107462],[120.342805,23.10704],[120.343626,23.104632],[120.344021,23.104714],[120.344102,23.104557],[120.334872,23.102696],[120.334513,23.102954],[120.334059,23.103727],[120.33417,23.104037],[120.334055,23.104059],[120.334186,23.104716],[120.334073,23.104843],[120.334097,23.105313],[120.333355,23.105676],[120.333065,23.106495],[120.333078,23.106908],[120.333258,23.106949],[120.332859,23.107041],[120.332518,23.107676],[120.332404,23.10885],[120.333538,23.108948],[120.33433,23.109161],[120.334606,23.107781],[120.335105,23.1078],[120.335373,23.107552],[120.335629,23.107612],[120.335827,23.107671],[120.335433,23.109492],[120.335702,23.109629],[120.335573,23.110267],[120.335267,23.110274],[120.335091,23.110911],[120.333796,23.110811],[120.333711,23.110472],[120.333563,23.110583],[120.332557,23.110505],[120.332573,23.111351],[120.332364,23.112193],[120.332934,23.113607],[120.332714,23.114364],[120.332723,23.114924],[120.333155,23.114936],[120.333235,23.114799],[120.333269,23.114885],[120.333773,23.114878],[120.333898,23.114734],[120.334387,23.114777],[120.334937,23.11434],[120.335434,23.11441],[120.335506,23.114184],[120.335647,23.11418],[120.335664,23.114318],[120.335845,23.114341],[120.335911,23.1147],[120.336095,23.114817],[120.336447,23.114721],[120.337188,23.115126],[120.337865,23.11516],[120.338713,23.115426],[120.338935,23.115334],[120.339443,23.115471],[120.340185,23.114745],[120.340652,23.11493],[120.340915,23.115224],[120.341737,23.115147],[120.343434,23.115661],[120.344574,23.115644]]]}},{"type":"Feature","properties":{"name":"佳里工業用地","type":"報編產業園區","status":"自行購地設廠","manager":"台南市政府","county":"臺南市","parkId":35},"geometry":{"type":"MultiPolygon","coordinates":[[[[120.182757,23.181325],[120.182688,23.181322],[120.182824,23.181329],[120.182757,23.181325]]],[[[120.182757,23.181325],[120.183415,23.181349],[120.183477,23.180703],[120.182771,23.179149],[120.182904,23.179153],[120.182489,23.178424],[120.182343,23.178546],[120.181654,23.17865],[120.179694,23.178696],[120.179647,23.177203],[120.177981,23.1773],[120.177799,23.175062],[120.177294,23.175237],[120.175819,23.176174],[120.173592,23.177972],[120.173695,23.179394],[120.175476,23.179228],[120.175663,23.180958],[120.175514,23.181023],[120.175524,23.181168],[120.16975,23.182274],[120.169529,23.182903],[120.169589,23.18398],[120.169889,23.184984],[120.170979,23.186903],[120.177922,23.185387],[120.17809,23.18549],[120.178212,23.186044],[120.179401,23.186005],[120.179117,23.181592],[120.179304,23.181185],[120.182757,23.181325]]]]}},{"type":"Feature","properties":{"name":"中坑子工業用地","type":"報編產業園區","status":"自行購地設廠","manager":"台南市政府","county":"臺南市","parkId":36},"geometry":{"type":"Polygon","coordinates":[[[120.36672,22.917254],[120.368259,22.917034],[120.368685,22.916649],[120.368516,22.916417],[120.367935,22.916199],[120.36708,22.914946],[120.367352,22.913446],[120.367604,22.912895],[120.368155,22.912709],[120.368473,22.912104],[120.368026,22.912133],[120.36745,22.911772],[120.367149,22.911263],[120.3667,22.910997],[120.366705,22.910736],[120.367286,22.910403],[120.367711,22.909048],[120.367899,22.908827],[120.367955,22.908301],[120.368474,22.908457],[120.368622,22.908807],[120.369351,22.909422],[120.369941,22.909561],[120.369831,22.90909],[120.369551,22.90866],[120.369037,22.908215],[120.368893,22.907867],[120.36933,22.907168],[120.369569,22.907019],[120.369119,22.906341],[120.369165,22.906092],[120.368855,22.905993],[120.368567,22.906136],[120.368254,22.905843],[120.367344,22.905471],[120.367077,22.905915],[120.367392,22.905813],[120.367625,22.905953],[120.367544,22.906177],[120.367413,22.90643],[120.367258,22.906352],[120.367116,22.906561],[120.366907,22.906313],[120.366961,22.906539],[120.366836,22.906713],[120.366833,22.906821],[120.366999,22.90672],[120.3672,22.907046],[120.367115,22.907311],[120.366783,22.907308],[120.366423,22.907662],[120.365821,22.907817],[120.365679,22.908068],[120.365724,22.908464],[120.365469,22.908893],[120.365559,22.909785],[120.36625,22.910854],[120.366225,22.91123],[120.365276,22.912086],[120.364676,22.913736],[120.364543,22.913705],[120.364674,22.914211],[120.364963,22.914424],[120.365307,22.91499],[120.365203,22.915461],[120.364775,22.915961],[120.365342,22.916188],[120.365479,22.916374],[120.365629,22.916847],[120.365601,22.918306],[120.366189,22.917763],[120.366095,22.917616],[120.36672,22.917254]]]}},{"type":"Feature","properties":{"name":"篤加工業區(含擴大)","type":"報編產業園區","status":"已開發","manager":"興辦工業人","county":"臺南市","parkId":37},"geometry":{"type":"Polygon","coordinates":[[[120.141056,23.163306],[120.14283,23.163536],[120.142962,23.1624],[120.143218,23.161577],[120.140881,23.161129],[120.140806,23.162444],[120.139687,23.162287],[120.139785,23.160599],[120.138762,23.160432],[120.138607,23.162982],[120.140669,23.163282],[120.140622,23.164121],[120.14071,23.164132],[120.140741,23.163589],[120.141056,23.163306]]]}},{"type":"Feature","properties":{"name":"口寮工業區","type":"報編產業園區","status":"已開發","manager":"興辦工業人","county":"臺南市","parkId":38},"geometry":{"type":"Polygon","coordinates":[[[120.132417,23.20087],[120.132364,23.200225],[120.133809,23.199968],[120.13379,23.19964],[120.132335,23.199845],[120.132336,23.199702],[120.132133,23.199644],[120.132112,23.199404],[120.13223,23.198485],[120.129598,23.198174],[120.129564,23.198935],[120.129471,23.198948],[120.129565,23.198968],[120.129615,23.200052],[120.129328,23.200046],[120.129329,23.200812],[120.130243,23.200735],[120.130203,23.200457],[120.130473,23.200459],[120.131077,23.2005],[120.131083,23.200636],[120.131995,23.200639],[120.132122,23.200924],[120.132417,23.20087]]]}},{"type":"Feature","properties":{"name":"官田鋼鐵工業區\n(原嘉益工業區)","type":"報編產業園區","status":"已開發","manager":"興辦工業人","county":"臺南市","parkId":39},"geometry":{"type":"Polygon","coordinates":[[[120.304897,23.220495],[120.305283,23.220423],[120.305338,23.220633],[120.305591,23.220617],[120.305864,23.220415],[120.305869,23.22029],[120.305662,23.220206],[120.305858,23.219834],[120.305712,23.21961],[120.306413,23.219333],[120.305745,23.217027],[120.304126,23.217107],[120.302381,23.216928],[120.30052,23.216974],[120.300437,23.217068],[120.300208,23.216971],[120.298659,23.2176],[120.298789,23.218754],[120.297214,23.219193],[120.299053,23.218778],[120.299118,23.218643],[120.298966,23.2185],[120.29911,23.218402],[120.299725,23.2184],[120.299539,23.21874],[120.300185,23.21891],[120.300874,23.219637],[120.301029,23.219728],[120.301089,23.219665],[120.300914,23.2196],[120.300988,23.219342],[120.30124,23.219352],[120.302115,23.219979],[120.302147,23.220274],[120.30253,23.220487],[120.302927,23.220464],[120.302658,23.220764],[120.302649,23.221027],[120.30282,23.221142],[120.303121,23.221148],[120.303336,23.22085],[120.304897,23.220495]]]}},{"type":"Feature","properties":{"name":"曾文工業區","type":"報編產業園區","status":"已開發","manager":"興辦工業人","county":"臺南市","parkId":40},"geometry":{"type":"Polygon","coordinates":[[[120.275867,23.154504],[120.27447,23.153053],[120.274014,23.151655],[120.273304,23.150299],[120.272764,23.14946],[120.272075,23.148779],[120.272006,23.149122],[120.272613,23.149628],[120.272271,23.149894],[120.272454,23.150109],[120.272075,23.150377],[120.271833,23.150072],[120.271769,23.150434],[120.27306,23.152088],[120.272948,23.152188],[120.27344,23.152661],[120.272959,23.153855],[120.273411,23.154704],[120.273913,23.15521],[120.274261,23.154408],[120.274902,23.154878],[120.274563,23.155223],[120.274898,23.155465],[120.274425,23.156545],[120.274789,23.156736],[120.276541,23.155319],[120.275867,23.154504]]]}},{"type":"Feature","properties":{"name":"皇田集團工業區","type":"報編產業園區","status":"開發中","manager":"興辦工業人","county":"臺南市","parkId":41},"geometry":{"type":"Polygon","coordinates":[[[120.289354,22.917739],[120.289629,22.917175],[120.289174,22.917372],[120.289036,22.917095],[120.288767,22.917113],[120.288831,22.916683],[120.287928,22.916487],[120.287728,22.916693],[120.287592,22.916564],[120.287487,22.916663],[120.286789,22.916574],[120.285437,22.917001],[120.285564,22.91732],[120.28885,22.918667],[120.289354,22.917739]]]}},{"type":"Feature","properties":{"name":"凱田工業區","type":"報編產業園區","status":"已開發","manager":"興辦工業人","county":"臺南市","parkId":42},"geometry":{"type":"Polygon","coordinates":[[[120.141056,23.163306],[120.140741,23.163589],[120.14071,23.164132],[120.140622,23.164121],[120.140669,23.163282],[120.138607,23.162982],[120.138515,23.164447],[120.140668,23.164885],[120.140547,23.167227],[120.141877,23.167071],[120.142799,23.163978],[120.142823,23.163609],[120.141056,23.163306]]]}},{"type":"Feature","properties":{"name":"萬國通路產業園區(含擴大)","type":"報編產業園區","status":"開發中","manager":"興辦工業人","county":"臺南市","parkId":43},"geometry":{"type":"Polygon","coordinates":[[[120.280302,22.936386],[120.281355,22.93411],[120.280887,22.933785],[120.279852,22.934549],[120.279456,22.934414],[120.278993,22.934456],[120.279323,22.934472],[120.278939,22.93499],[120.278073,22.935186],[120.277629,22.935039],[120.277487,22.935117],[120.277459,22.93529],[120.277846,22.935537],[120.27877,22.935456],[120.278765,22.936053],[120.279044,22.93625],[120.27976,22.937384],[120.279671,22.937052],[120.279914,22.937005],[120.280302,22.936386]]]}},{"type":"Feature","properties":{"name":"埤仔頭工業區","type":"報編產業園區","status":"開發中","manager":"興辦工業人","county":"臺南市","parkId":44},"geometry":{"type":"Polygon","coordinates":[[[120.307111,23.002611],[120.307736,23.002588],[120.308081,23.002228],[120.308002,23.000887],[120.307649,23.000943],[120.307529,23.000799],[120.307401,23.000107],[120.305551,23.000221],[120.305563,23.000738],[120.305801,23.000774],[120.305827,23.001624],[120.305786,23.001953],[120.305399,23.001965],[120.305441,23.002469],[120.3056,23.002507],[120.305559,23.002764],[120.305694,23.002801],[120.305954,23.002568],[120.306773,23.002706],[120.307111,23.002611]]]}},{"type":"Feature","properties":{"name":"七股科技工業區","type":"報編產業園區","status":"已編定未開發","manager":"台南市政府","county":"臺南市","parkId":45},"geometry":{"type":"Polygon","coordinates":[[[120.144977,23.118092],[120.146001,23.118099],[120.146,23.111666],[120.146967,23.111562],[120.1468,23.111017],[120.146869,23.109019],[120.144473,23.109145],[120.143001,23.10936],[120.131646,23.109261],[120.131604,23.115028],[120.132926,23.116987],[120.133748,23.117915],[120.134701,23.118182],[120.142205,23.118258],[120.142596,23.118088],[120.144977,23.118092]]]}},{"type":"Feature","properties":{"name":"全程興業產業園區","type":"報編產業園區","status":"已編定未開發","manager":"興辦工業人","county":"臺南市","parkId":46},"geometry":{"type":"Polygon","coordinates":[[[120.27884,23.299564],[120.27896,23.299664],[120.279984,23.299605],[120.279933,23.29875],[120.27859,23.298827],[120.278531,23.297907],[120.277538,23.297963],[120.277597,23.298841],[120.276498,23.298948],[120.276551,23.299807],[120.278808,23.299673],[120.27884,23.299564]]]}},{"type":"Feature","properties":{"name":"歸仁恒耀工業區","type":"報編產業園區","status":"編定中","manager":"興辦工業人","county":"臺南市","parkId":47},"geometry":{"type":"Polygon","coordinates":[[[120.271436,22.936259],[120.271529,22.936115],[120.271313,22.935884],[120.272102,22.935632],[120.272648,22.935645],[120.27266,22.935528],[120.27398,22.935256],[120.273964,22.935676],[120.274294,22.93563],[120.274738,22.935357],[120.274828,22.935088],[120.275897,22.934857],[120.276502,22.934903],[120.275944,22.934351],[120.276395,22.933986],[120.276374,22.933744],[120.276658,22.933658],[120.276822,22.933676],[120.276874,22.934107],[120.277165,22.934538],[120.277344,22.934596],[120.277638,22.933563],[120.277439,22.932943],[120.277088,22.932568],[120.27678,22.932481],[120.274093,22.93229],[120.27356,22.932643],[120.273482,22.933041],[120.273564,22.933374],[120.273252,22.933433],[120.272516,22.933082],[120.272131,22.933282],[120.272111,22.933955],[120.271836,22.934001],[120.271802,22.934936],[120.271393,22.934578],[120.271497,22.934479],[120.271413,22.934369],[120.270999,22.934776],[120.270855,22.934673],[120.270421,22.935094],[120.269909,22.934647],[120.269411,22.935034],[120.270224,22.935594],[120.270091,22.935775],[120.271174,22.936692],[120.271436,22.936259]]]}},{"type":"Feature","properties":{"name":"瑞賢歸仁產業園區","type":"報編產業園區","status":"已編定未開發","manager":"興辦工業人","county":"臺南市","parkId":48},"geometry":{"type":"Polygon","coordinates":[[[120.29585,22.94175],[120.296817,22.94149],[120.296803,22.941174],[120.299486,22.940027],[120.298294,22.939248],[120.296946,22.938601],[120.296318,22.93973],[120.295422,22.941819],[120.29585,22.94175]]]}},{"type":"Feature","properties":{"name":"白米甕工業用地","type":"報編產業園區","status":"自行購地設廠","manager":"宜蘭縣政府","county":"宜蘭縣","parkId":49},"geometry":{"type":"Polygon","coordinates":[[[121.8499,24.59206],[121.851357,24.590824],[121.849896,24.589191],[121.849404,24.588394],[121.848608,24.585948],[121.848547,24.584544],[121.8488,24.583672],[121.848716,24.581637],[121.849387,24.580314],[121.849009,24.578986],[121.849393,24.578254],[121.849231,24.577871],[121.849381,24.577628],[121.849204,24.57764],[121.847309,24.574445],[121.847227,24.57453],[121.847108,24.574446],[121.847151,24.574219],[121.846949,24.573972],[121.846912,24.574056],[121.846267,24.573704],[121.846081,24.573715],[121.846036,24.573835],[121.845851,24.573812],[121.845834,24.573688],[121.845004,24.573819],[121.845116,24.574046],[121.845025,24.573933],[121.844018,24.574346],[121.843662,24.574292],[121.842673,24.574452],[121.841479,24.574938],[121.84168,24.575738],[121.842127,24.575719],[121.842486,24.57589],[121.842537,24.576054],[121.842891,24.575994],[121.843175,24.575745],[121.843418,24.575779],[121.846145,24.577342],[121.845885,24.578481],[121.846113,24.579033],[121.845935,24.580199],[121.846079,24.582575],[121.845527,24.582675],[121.845581,24.582831],[121.845438,24.582882],[121.845689,24.583013],[121.846137,24.582921],[121.846226,24.583167],[121.846061,24.583246],[121.846294,24.583329],[121.846416,24.583756],[121.84628,24.584357],[121.845929,24.584608],[121.845816,24.584974],[121.845578,24.585113],[121.845162,24.585048],[121.84522,24.585308],[121.844771,24.585247],[121.84521,24.585654],[121.844799,24.585702],[121.845435,24.585857],[121.844782,24.585845],[121.844752,24.586083],[121.845022,24.586029],[121.845715,24.586279],[121.846421,24.586201],[121.846776,24.586423],[121.846502,24.587377],[121.846042,24.587431],[121.846078,24.587954],[121.845821,24.587815],[121.845633,24.587939],[121.84578,24.588172],[121.845868,24.588114],[121.845865,24.588364],[121.845326,24.588365],[121.845314,24.589462],[121.845921,24.589595],[121.8459,24.589861],[121.845673,24.589973],[121.84593,24.59066],[121.846481,24.591253],[121.847336,24.591781],[121.848384,24.591763],[121.848743,24.591983],[121.8499,24.59206]]]}},{"type":"Feature","properties":{"name":"一結工業用地","type":"報編產業園區","status":"自行購地設廠","manager":"宜蘭縣政府","county":"宜蘭縣","parkId":50},"geometry":{"type":"Polygon","coordinates":[[[121.735784,24.782575],[121.735781,24.782259],[121.737023,24.780903],[121.736911,24.780743],[121.736255,24.781376],[121.736929,24.780307],[121.739172,24.778015],[121.739294,24.778051],[121.738564,24.777463],[121.734312,24.775608],[121.733907,24.775297],[121.733677,24.775892],[121.731976,24.77751],[121.730883,24.779579],[121.730645,24.780905],[121.730394,24.7873],[121.732722,24.786077],[121.735293,24.783689],[121.7358,24.784051],[121.735784,24.782575]]]}},{"type":"Feature","properties":{"name":"屏東汽車專業區","type":"報編產業園區","status":"已開發","manager":"公民營事業","county":"屏東縣","parkId":51},"geometry":{"type":"Polygon","coordinates":[[[120.450734,22.6485],[120.453814,22.638814],[120.446968,22.636946],[120.444823,22.645027],[120.443978,22.648794],[120.448261,22.649964],[120.450156,22.650307],[120.450734,22.6485]]]}},{"type":"Feature","properties":{"name":"新園工業用地","type":"報編產業園區","status":"自行購地設廠","manager":"屏東縣政府","county":"屏東縣","parkId":52},"geometry":{"type":"Polygon","coordinates":[[[120.451081,22.516666],[120.448497,22.516655],[120.447257,22.517219],[120.447433,22.517875],[120.447056,22.517965],[120.446929,22.517464],[120.446042,22.517708],[120.445676,22.517141],[120.443284,22.517427],[120.444298,22.521335],[120.451051,22.5213],[120.451178,22.516666],[120.451081,22.516666]]]}},{"type":"Feature","properties":{"name":"長治工業用地","type":"報編產業園區","status":"自行購地設廠","manager":"屏東縣政府","county":"屏東縣","parkId":53},"geometry":{"type":"Polygon","coordinates":[[[120.581722,22.719956],[120.585975,22.719919],[120.585252,22.719814],[120.585027,22.71861],[120.586038,22.718473],[120.585735,22.717],[120.578118,22.717793],[120.578812,22.720652],[120.578812,22.720414],[120.580407,22.720077],[120.581722,22.719956]]]}},{"type":"Feature","properties":{"name":"萬巒工業用地","type":"報編產業園區","status":"自行購地設廠","manager":"屏東縣政府","county":"屏東縣","parkId":54},"geometry":{"type":"Polygon","coordinates":[[[120.59241,22.567457],[120.591335,22.566339],[120.588781,22.56617],[120.588775,22.566631],[120.589102,22.567368],[120.586247,22.567326],[120.586318,22.568385],[120.586116,22.56855],[120.58614,22.56923],[120.586566,22.569523],[120.586667,22.569784],[120.586442,22.570253],[120.586153,22.57024],[120.586159,22.570324],[120.592505,22.571252],[120.59241,22.567457]]]}},{"type":"Feature","properties":{"name":"里港工業用地","type":"報編產業園區","status":"自行購地設廠","manager":"屏東縣政府","county":"屏東縣","parkId":55},"geometry":{"type":"Polygon","coordinates":[[[120.501512,22.807688],[120.501286,22.804547],[120.495916,22.803429],[120.495696,22.804344],[120.495129,22.804066],[120.495064,22.804723],[120.494808,22.804706],[120.494873,22.805536],[120.494613,22.805555],[120.494614,22.805645],[120.495361,22.805937],[120.495154,22.806392],[120.495865,22.806884],[120.497499,22.807131],[120.497445,22.807467],[120.499082,22.808102],[120.499869,22.808252],[120.501768,22.808372],[120.501512,22.807688]]]}},{"type":"Feature","properties":{"name":"六塊厝產業園區","type":"報編產業園區","status":"編定中","manager":"屏東縣政府","county":"屏東縣","parkId":56},"geometry":{"type":"Polygon","coordinates":[[[120.456704,22.631638],[120.451405,22.630506],[120.45071,22.632728],[120.458801,22.634431],[120.458421,22.632016],[120.456704,22.631638]]]}},{"type":"Feature","properties":{"name":"新竹縣中崙段","type":"報編產業園區","status":"已開發","manager":"興辦工業人","county":"新竹縣","parkId":57},"geometry":{"type":"Polygon","coordinates":[[[121.0117,24.887903],[121.011671,24.887071],[121.011961,24.886821],[121.014433,24.886728],[121.014602,24.886827],[121.014662,24.887053],[121.015602,24.887363],[121.016585,24.887325],[121.015661,24.886821],[121.013823,24.885163],[121.012436,24.884149],[121.009472,24.886454],[121.007525,24.887332],[121.0076,24.887476],[121.007914,24.887338],[121.010294,24.887315],[121.011418,24.887933],[121.0117,24.887903]]]}},{"type":"Feature","properties":{"name":"五華工業區\n(原芎林工業用地依產創變更後)","type":"報編產業園區","status":"自行購地設廠","manager":"新竹縣政府","county":"新竹縣","parkId":58},"geometry":{"type":"Polygon","coordinates":[[[121.139439,24.746502],[121.139322,24.746079],[121.139644,24.745795],[121.139369,24.745987],[121.139266,24.7459],[121.138964,24.745218],[121.137865,24.74443],[121.137467,24.743786],[121.136638,24.742969],[121.137096,24.742424],[121.13679,24.742522],[121.136272,24.742432],[121.135976,24.742796],[121.135227,24.741915],[121.135445,24.741647],[121.13524,24.74139],[121.134221,24.741465],[121.133541,24.740121],[121.133011,24.739842],[121.132065,24.738804],[121.131298,24.738588],[121.131128,24.738278],[121.130569,24.73804],[121.130641,24.737353],[121.13035,24.73689],[121.129754,24.736882],[121.127827,24.736047],[121.127042,24.735847],[121.126789,24.735905],[121.124654,24.73523],[121.1235,24.735073],[121.121422,24.734307],[121.120828,24.735509],[121.123471,24.736186],[121.123625,24.736361],[121.123581,24.736704],[121.123958,24.736929],[121.123725,24.736854],[121.123668,24.736991],[121.124783,24.737473],[121.124813,24.737377],[121.125746,24.737675],[121.125821,24.737977],[121.12637,24.738099],[121.126704,24.738397],[121.126627,24.73846],[121.12692,24.738866],[121.126815,24.738994],[121.127084,24.738757],[121.126898,24.738414],[121.126985,24.738095],[121.126864,24.737775],[121.127055,24.737864],[121.127021,24.738307],[121.128695,24.73839],[121.129223,24.738598],[121.129543,24.738951],[121.129214,24.739021],[121.129115,24.739178],[121.129689,24.739243],[121.129909,24.739404],[121.12997,24.739253],[121.130121,24.739328],[121.131003,24.739957],[121.130975,24.740048],[121.131617,24.74037],[121.131893,24.740701],[121.132505,24.741052],[121.132428,24.741128],[121.132691,24.741549],[121.133208,24.742037],[121.133227,24.74243],[121.13385,24.742498],[121.134531,24.743071],[121.135073,24.743281],[121.135236,24.743444],[121.135168,24.743529],[121.136007,24.744272],[121.136813,24.744657],[121.136871,24.74514],[121.137142,24.745612],[121.137752,24.745848],[121.137845,24.745789],[121.138306,24.746371],[121.138775,24.746615],[121.139463,24.74748],[121.13953,24.746913],[121.139439,24.746502]]]}},{"type":"Feature","properties":{"name":"內立工業區\n（原新埔工業用地）","type":"報編產業園區","status":"自行購地設廠","manager":"新竹縣政府","county":"新竹縣","parkId":59},"geometry":{"type":"Polygon","coordinates":[[[121.080913,24.815624],[121.083428,24.815668],[121.086214,24.814964],[121.086325,24.814804],[121.086268,24.814899],[121.086404,24.814922],[121.089845,24.814341],[121.090514,24.81438],[121.089998,24.812898],[121.089532,24.811973],[121.089471,24.811659],[121.089853,24.811336],[121.089547,24.811111],[121.088517,24.811383],[121.08796,24.811296],[121.087534,24.811537],[121.087417,24.811757],[121.087206,24.811692],[121.087231,24.81135],[121.087004,24.811394],[121.087059,24.811599],[121.086565,24.811983],[121.08662,24.812179],[121.086736,24.812106],[121.086764,24.812328],[121.086933,24.81232],[121.086724,24.812847],[121.086422,24.813159],[121.085932,24.81307],[121.085625,24.813413],[121.085608,24.813663],[121.085342,24.813851],[121.085377,24.814054],[121.08507,24.814072],[121.085091,24.813896],[121.084846,24.813916],[121.08492,24.813612],[121.084722,24.814056],[121.08438,24.814162],[121.084406,24.814246],[121.08408,24.814316],[121.083953,24.814127],[121.083802,24.814179],[121.083883,24.814338],[121.083575,24.814721],[121.082797,24.814577],[121.082245,24.815019],[121.081602,24.815085],[121.081664,24.815243],[121.081408,24.815147],[121.081428,24.814583],[121.081217,24.814442],[121.080886,24.814396],[121.080689,24.814497],[121.080692,24.814617],[121.080325,24.814612],[121.079734,24.814387],[121.079827,24.814159],[121.079647,24.814141],[121.079627,24.814289],[121.079232,24.814287],[121.079179,24.814474],[121.079415,24.814634],[121.07937,24.814859],[121.079734,24.814971],[121.079399,24.814914],[121.079065,24.815363],[121.07924,24.815852],[121.079952,24.815632],[121.080913,24.815624]]]}},{"type":"Feature","properties":{"name":"新竹縣大旱坑段","type":"報編產業園區","status":"已開發","manager":"興辦工業人","county":"新竹縣","parkId":60},"geometry":{"type":"Polygon","coordinates":[[[121.168768,24.828665],[121.168968,24.827395],[121.16932,24.826683],[121.169208,24.826489],[121.168808,24.826385],[121.167672,24.825553],[121.16714,24.825351],[121.166713,24.825417],[121.166577,24.825125],[121.166231,24.825049],[121.165833,24.824631],[121.16548,24.824717],[121.165191,24.824569],[121.164371,24.825836],[121.163415,24.825866],[121.163698,24.826226],[121.163983,24.826002],[121.164159,24.826181],[121.164749,24.826286],[121.164823,24.826003],[121.166137,24.826285],[121.165865,24.82754],[121.164751,24.827201],[121.164544,24.827162],[121.164531,24.827256],[121.166839,24.828118],[121.16698,24.828313],[121.166865,24.828509],[121.166502,24.82861],[121.166346,24.828968],[121.166783,24.829011],[121.168768,24.828665]]]}},{"type":"Feature","properties":{"name":"鳳山工業區","type":"報編產業園區","status":"開發中","manager":"新竹縣政府","county":"新竹縣","parkId":61},"geometry":{"type":"Polygon","coordinates":[[[121.003265,24.863032],[121.005169,24.861622],[121.003246,24.860614],[121.002685,24.85988],[121.002318,24.858831],[121.00245,24.857996],[121.002851,24.857526],[121.002566,24.857492],[121.001506,24.857875],[121.001062,24.858197],[121.00121,24.858729],[121.00078,24.858865],[121.000218,24.860066],[121.000124,24.862157],[121.000394,24.862993],[121.001166,24.864047],[121.003265,24.863032]],[[121.003208,24.862968],[121.003208,24.862941],[121.003238,24.862941],[121.003238,24.862968],[121.003208,24.862968]],[[121.003177,24.862951],[121.003148,24.862957],[121.003142,24.86293],[121.003177,24.862951]]]}},{"type":"Feature","properties":{"name":"北埔工業區","type":"報編產業園區","status":"已開發","manager":"興辦工業人","county":"新竹縣","parkId":62},"geometry":{"type":"Polygon","coordinates":[[[121.068228,24.705731],[121.068901,24.704774],[121.068544,24.704195],[121.068573,24.703744],[121.069761,24.703069],[121.069999,24.701878],[121.069404,24.701632],[121.069018,24.701699],[121.068991,24.701835],[121.068671,24.701695],[121.068839,24.701422],[121.068672,24.700988],[121.068921,24.700752],[121.068892,24.700638],[121.068106,24.700291],[121.067633,24.700756],[121.067232,24.700779],[121.067075,24.70101],[121.066802,24.701057],[121.066541,24.700977],[121.066398,24.700668],[121.064988,24.700364],[121.064892,24.700148],[121.064209,24.699851],[121.06403,24.699261],[121.063365,24.699428],[121.063183,24.700157],[121.062682,24.701098],[121.061681,24.701839],[121.061913,24.701952],[121.061824,24.702108],[121.06213,24.702214],[121.062237,24.702453],[121.062902,24.70281],[121.062902,24.703109],[121.06279,24.703151],[121.062449,24.703124],[121.062224,24.702857],[121.062072,24.703055],[121.061891,24.702976],[121.061499,24.703083],[121.061741,24.703533],[121.061976,24.703475],[121.061861,24.703746],[121.062224,24.703717],[121.062242,24.703995],[121.062611,24.704198],[121.063564,24.704373],[121.063671,24.704548],[121.064135,24.704584],[121.065125,24.70507],[121.06586,24.704945],[121.066303,24.705213],[121.066575,24.705066],[121.066592,24.705398],[121.066934,24.705292],[121.067308,24.705642],[121.067461,24.705505],[121.067382,24.704871],[121.067563,24.704913],[121.06749,24.705346],[121.067625,24.705528],[121.068228,24.705731]]]}},{"type":"Feature","properties":{"name":"新竹縣國際AI智慧園區","type":"報編產業園區","status":"編定中","manager":"新竹縣政府","county":"新竹縣","parkId":63},"geometry":{"type":"Polygon","coordinates":[[[121.024894,24.826913],[121.020704,24.828736],[121.021927,24.832017],[121.022147,24.83293],[121.022906,24.832378],[121.022804,24.830942],[121.023097,24.830813],[121.023389,24.830288],[121.025917,24.829103],[121.025842,24.828939],[121.024083,24.829722],[121.023558,24.828595],[121.025316,24.827811],[121.024894,24.826913]]]}},{"type":"Feature","properties":{"name":"北斗工業區","type":"報編產業園區","status":"已開發","manager":"公民營事業","county":"彰化縣","parkId":64},"geometry":{"type":"Polygon","coordinates":[[[120.554634,23.866355],[120.554577,23.864959],[120.553642,23.865276],[120.55289,23.865767],[120.551624,23.865847],[120.551368,23.866005],[120.550558,23.866134],[120.549911,23.866088],[120.549712,23.865955],[120.549256,23.866326],[120.549203,23.866651],[120.549361,23.867102],[120.549105,23.867748],[120.548551,23.868484],[120.547753,23.870471],[120.550737,23.870422],[120.554742,23.869784],[120.554634,23.866355]]]}},{"type":"Feature","properties":{"name":"牛稠子工業用地","type":"報編產業園區","status":"已開發","manager":"彰化縣政府","county":"彰化縣","parkId":65},"geometry":{"type":"Polygon","coordinates":[[[120.566083,24.09001],[120.565172,24.088437],[120.564924,24.088344],[120.56491,24.086277],[120.565009,24.08612],[120.566311,24.085463],[120.56639,24.084907],[120.566718,24.084944],[120.566759,24.08477],[120.567153,24.08478],[120.567032,24.08258],[120.566512,24.082541],[120.566482,24.082289],[120.566147,24.082219],[120.565769,24.08221],[120.565639,24.082344],[120.565212,24.082175],[120.5649,24.082217],[120.564604,24.082016],[120.563844,24.082176],[120.563678,24.082023],[120.563214,24.082198],[120.56273,24.082173],[120.562263,24.082751],[120.562207,24.083899],[120.563612,24.08408],[120.563615,24.084528],[120.56228,24.087506],[120.559183,24.086428],[120.559006,24.086578],[120.55829,24.088414],[120.55768,24.088541],[120.55714,24.090153],[120.556775,24.090379],[120.555635,24.090246],[120.55539,24.090408],[120.555422,24.091531],[120.558129,24.092654],[120.561275,24.093782],[120.561297,24.09367],[120.562396,24.094046],[120.562617,24.093647],[120.562391,24.093257],[120.56295,24.093041],[120.564157,24.091984],[120.564923,24.091536],[120.565516,24.091442],[120.565394,24.090994],[120.564907,24.090719],[120.565023,24.090519],[120.566083,24.09001]]]}},{"type":"Feature","properties":{"name":"加興企業生化科技廠","type":"報編產業園區","status":"已開發","manager":"興辦工業人","county":"彰化縣","parkId":66},"geometry":{"type":"Polygon","coordinates":[[[120.456121,24.022551],[120.455187,24.019516],[120.453269,24.020028],[120.454213,24.023084],[120.456121,24.022551]]]}},{"type":"Feature","properties":{"name":"大埔美智慧型工業園區","type":"報編產業園區","status":"開發中","manager":"嘉義縣政府","county":"嘉義縣","parkId":67},"geometry":{"type":"Polygon","coordinates":[[[120.522687,23.599325],[120.523333,23.598012],[120.524011,23.598745],[120.523935,23.598512],[120.524092,23.598322],[120.524385,23.598406],[120.525047,23.5983],[120.525511,23.598061],[120.526281,23.598084],[120.52657,23.597745],[120.526984,23.597568],[120.527633,23.597582],[120.52824,23.596815],[120.526738,23.594992],[120.525797,23.594646],[120.525633,23.594365],[120.529624,23.592711],[120.529574,23.592558],[120.529799,23.592357],[120.5299,23.592457],[120.529807,23.592704],[120.530463,23.592764],[120.532074,23.592837],[120.532082,23.592682],[120.532925,23.592798],[120.533353,23.592674],[120.533301,23.59248],[120.533797,23.591879],[120.533614,23.591739],[120.534135,23.591836],[120.534682,23.591339],[120.53489,23.590902],[120.534873,23.590639],[120.53518,23.590161],[120.535166,23.58908],[120.535649,23.588395],[120.535986,23.588205],[120.536463,23.588358],[120.537041,23.58809],[120.537943,23.586999],[120.537472,23.58605],[120.537118,23.586007],[120.536511,23.586259],[120.536046,23.585911],[120.535555,23.586579],[120.53418,23.585532],[120.534072,23.585684],[120.533764,23.585448],[120.533555,23.585824],[120.533478,23.586473],[120.533115,23.586944],[120.532498,23.587302],[120.533786,23.588299],[120.532962,23.589063],[120.532168,23.588406],[120.53218,23.589635],[120.532369,23.589801],[120.531683,23.590547],[120.530722,23.58992],[120.530807,23.589822],[120.53057,23.589601],[120.530488,23.589676],[120.530189,23.58954],[120.529054,23.589919],[120.528944,23.589723],[120.528139,23.590272],[120.527887,23.59009],[120.527818,23.589538],[120.527196,23.58978],[120.526974,23.589391],[120.526527,23.589417],[120.526076,23.588763],[120.525676,23.588764],[120.525361,23.588347],[120.521972,23.588502],[120.521723,23.588683],[120.521286,23.588535],[120.521144,23.588769],[120.520767,23.588844],[120.520658,23.589209],[120.520113,23.589942],[120.519746,23.589966],[120.519545,23.589797],[120.519276,23.590146],[120.518199,23.589853],[120.518306,23.589366],[120.517657,23.588641],[120.515483,23.586832],[120.515295,23.586928],[120.514397,23.585919],[120.513292,23.584882],[120.512966,23.584817],[120.512909,23.584526],[120.511795,23.583478],[120.51164,23.58348],[120.511598,23.583269],[120.510497,23.582307],[120.508929,23.582747],[120.508894,23.58264],[120.50904,23.582548],[120.510622,23.581893],[120.508381,23.578683],[120.507837,23.578691],[120.507351,23.578852],[120.507356,23.578715],[120.506531,23.578838],[120.505684,23.578621],[120.505662,23.578733],[120.504472,23.578794],[120.503552,23.57867],[120.502886,23.578754],[120.502233,23.579035],[120.501899,23.579315],[120.501766,23.579693],[120.500854,23.579979],[120.500231,23.580391],[120.500035,23.580872],[120.500466,23.582011],[120.500759,23.582279],[120.500815,23.582551],[120.501735,23.582542],[120.50183,23.584059],[120.502087,23.584046],[120.502325,23.584889],[120.501084,23.585939],[120.499126,23.586149],[120.499448,23.586751],[120.499,23.587233],[120.49906,23.587464],[120.500502,23.587604],[120.500519,23.587958],[120.500106,23.587983],[120.499564,23.588214],[120.498206,23.587883],[120.497157,23.588644],[120.496996,23.588626],[120.49713,23.588718],[120.496706,23.589207],[120.495787,23.589688],[120.496081,23.589913],[120.49717,23.590316],[120.497135,23.589642],[120.497707,23.58897],[120.498161,23.588971],[120.498469,23.589062],[120.499158,23.590649],[120.50238,23.589383],[120.503094,23.589324],[120.50322,23.589651],[120.50505,23.591714],[120.503271,23.592715],[120.504148,23.594007],[120.504425,23.593824],[120.504753,23.594359],[120.505894,23.593909],[120.506389,23.594032],[120.506322,23.594279],[120.50707,23.594142],[120.507652,23.593909],[120.507771,23.593584],[120.50803,23.593435],[120.508081,23.593688],[120.508231,23.593785],[120.508544,23.592684],[120.508923,23.592508],[120.509213,23.592532],[120.509572,23.592765],[120.510547,23.59294],[120.510734,23.593067],[120.51074,23.593262],[120.510056,23.593126],[120.510191,23.593486],[120.510035,23.593662],[120.510053,23.593839],[120.509744,23.593899],[120.510508,23.595185],[120.51045,23.595325],[120.509376,23.595824],[120.508003,23.596071],[120.509087,23.597325],[120.508738,23.597516],[120.508952,23.597451],[120.509342,23.598057],[120.51061,23.597403],[120.510918,23.597933],[120.510629,23.598095],[120.511084,23.598895],[120.510893,23.599074],[120.511655,23.598551],[120.512179,23.598367],[120.512857,23.597703],[120.513214,23.59821],[120.513701,23.598316],[120.514153,23.599016],[120.518607,23.597207],[120.519768,23.598849],[120.520057,23.598601],[120.520504,23.598973],[120.520474,23.599229],[120.520693,23.599414],[120.521084,23.599197],[120.52117,23.599673],[120.521594,23.600291],[120.521773,23.600278],[120.522134,23.599961],[120.522687,23.599325]]]}},{"type":"Feature","properties":{"name":"新港工業區","type":"報編產業園區","status":"已開發","manager":"公民營事業","county":"嘉義縣","parkId":68},"geometry":{"type":"Polygon","coordinates":[[[120.374159,23.524811],[120.384219,23.522619],[120.385201,23.522239],[120.38656,23.521458],[120.39174,23.51762],[120.39226,23.517001],[120.393605,23.514878],[120.392901,23.514702],[120.391818,23.515108],[120.391402,23.515112],[120.390902,23.515269],[120.390597,23.51589],[120.39028,23.516194],[120.387323,23.516821],[120.385146,23.517001],[120.382677,23.516991],[120.380944,23.516654],[120.377361,23.514682],[120.376199,23.513379],[120.374862,23.512285],[120.37393,23.510715],[120.372967,23.508748],[120.371788,23.507804],[120.369808,23.508698],[120.369788,23.50907],[120.369554,23.509511],[120.369007,23.509831],[120.368386,23.510867],[120.369764,23.514132],[120.371846,23.518101],[120.373897,23.524802],[120.374159,23.524811]]]}},{"type":"Feature","properties":{"name":"泰山工業區","type":"報編產業園區","status":"已開發","manager":"興辦工業人","county":"新北市","parkId":69},"geometry":{"type":"Polygon","coordinates":[[[121.415822,25.054177],[121.415602,25.05213],[121.416002,25.052029],[121.416715,25.051235],[121.417039,25.051075],[121.417098,25.050879],[121.417837,25.050327],[121.417221,25.049883],[121.417483,25.049198],[121.416895,25.049386],[121.416572,25.049313],[121.416844,25.048635],[121.416581,25.048676],[121.416485,25.048526],[121.416847,25.048259],[121.417159,25.04822],[121.41681,25.047276],[121.417313,25.046773],[121.417678,25.046738],[121.418061,25.046471],[121.418423,25.046462],[121.418819,25.046246],[121.419131,25.045804],[121.419709,25.045663],[121.419898,25.045729],[121.420208,25.045505],[121.420774,25.045434],[121.421461,25.045003],[121.422566,25.044646],[121.423477,25.043584],[121.423476,25.042992],[121.423313,25.04284],[121.423456,25.042831],[121.423314,25.041663],[121.422744,25.041408],[121.422679,25.041666],[121.422466,25.041701],[121.42245,25.042328],[121.422038,25.042673],[121.421181,25.042858],[121.421126,25.042564],[121.421307,25.042293],[121.421038,25.042222],[121.420889,25.042804],[121.420678,25.04294],[121.420311,25.04256],[121.419569,25.042348],[121.420092,25.041787],[121.420705,25.041847],[121.420606,25.041902],[121.420756,25.041968],[121.421164,25.041484],[121.421424,25.041387],[121.421415,25.041258],[121.421138,25.040604],[121.421047,25.040656],[121.420773,25.040444],[121.420902,25.040334],[121.420798,25.040225],[121.42087,25.04012],[121.419503,25.040567],[121.419022,25.040109],[121.419481,25.039742],[121.420399,25.039853],[121.420743,25.039766],[121.421015,25.039502],[121.42112,25.039738],[121.421354,25.0398],[121.421426,25.040102],[121.421679,25.040161],[121.421459,25.039855],[121.422427,25.039595],[121.421844,25.038421],[121.422324,25.038245],[121.423413,25.038476],[121.423901,25.038442],[121.422355,25.03811],[121.421201,25.038091],[121.42122,25.038521],[121.420957,25.038688],[121.419557,25.03697],[121.419329,25.037115],[121.418586,25.036065],[121.418682,25.035985],[121.418329,25.035549],[121.418151,25.035037],[121.417798,25.034716],[121.417555,25.033879],[121.417334,25.034438],[121.416981,25.034553],[121.416824,25.033829],[121.416574,25.034003],[121.415957,25.033973],[121.41591,25.034119],[121.415512,25.034203],[121.415497,25.034327],[121.41536,25.034188],[121.414848,25.034135],[121.414507,25.033691],[121.414077,25.033916],[121.414168,25.034017],[121.413771,25.034278],[121.412796,25.034732],[121.412579,25.035054],[121.412895,25.035549],[121.412846,25.036205],[121.41309,25.036543],[121.4131,25.037206],[121.413339,25.038203],[121.413226,25.038962],[121.413414,25.039501],[121.413088,25.039848],[121.412893,25.040526],[121.411964,25.041518],[121.411336,25.041718],[121.410973,25.041423],[121.410716,25.041857],[121.410881,25.042014],[121.410411,25.042856],[121.408989,25.044186],[121.407856,25.044629],[121.406442,25.044707],[121.405544,25.044979],[121.405387,25.044922],[121.405012,25.045156],[121.405157,25.04542],[121.40568,25.045331],[121.405724,25.04579],[121.405329,25.045634],[121.405737,25.045938],[121.405843,25.045736],[121.406016,25.045916],[121.407242,25.045855],[121.407372,25.046015],[121.40566,25.046911],[121.405239,25.047472],[121.405299,25.047689],[121.405188,25.04794],[121.404674,25.048211],[121.404408,25.048627],[121.404179,25.048743],[121.404711,25.049461],[121.404632,25.049561],[121.404849,25.05039],[121.405263,25.050113],[121.405476,25.049754],[121.406024,25.049688],[121.406318,25.048972],[121.406438,25.048943],[121.407031,25.049006],[121.408093,25.049382],[121.408449,25.049184],[121.409215,25.049561],[121.409468,25.049417],[121.409784,25.049495],[121.411037,25.049019],[121.412265,25.049115],[121.412296,25.049327],[121.411556,25.049485],[121.410816,25.050333],[121.410359,25.050585],[121.410391,25.050949],[121.41027,25.051128],[121.410886,25.051171],[121.410656,25.051733],[121.41074,25.051997],[121.410623,25.052543],[121.410795,25.052533],[121.411132,25.052016],[121.411564,25.051908],[121.412357,25.051443],[121.41257,25.051637],[121.412884,25.052333],[121.413483,25.052492],[121.414005,25.053284],[121.41398,25.053734],[121.414121,25.053608],[121.415223,25.053512],[121.415822,25.054177]]]}},{"type":"Feature","properties":{"name":"桃園科技工業區","type":"報編產業園區","status":"已開發","manager":"桃園市政府","county":"桃園市","parkId":70},"geometry":{"type":"MultiPolygon","coordinates":[[[[121.074942,25.044675],[121.075186,25.044168],[121.074987,25.043976],[121.07507,25.043795],[121.074633,25.04358],[121.072901,25.042148],[121.072066,25.041299],[121.072068,25.041138],[121.072325,25.040882],[121.072678,25.041036],[121.073071,25.04078],[121.072737,25.040341],[121.072636,25.039692],[121.072085,25.038337],[121.071221,25.037133],[121.071984,25.036239],[121.072171,25.035794],[121.072066,25.035142],[121.071575,25.034553],[121.072391,25.03366],[121.07208,25.033472],[121.071249,25.03434],[121.070419,25.033573],[121.070013,25.033297],[121.069799,25.033416],[121.069025,25.032782],[121.068909,25.033079],[121.068419,25.033557],[121.068169,25.033344],[121.067766,25.033286],[121.067621,25.033428],[121.067471,25.033164],[121.067823,25.032973],[121.067954,25.032596],[121.066989,25.032223],[121.066245,25.032573],[121.06566,25.032405],[121.06527,25.032038],[121.065265,25.031865],[121.063606,25.030296],[121.063579,25.030053],[121.063364,25.03034],[121.063434,25.03039],[121.06263,25.030334],[121.06257,25.030123],[121.062397,25.030144],[121.062569,25.029445],[121.062484,25.029344],[121.061995,25.029626],[121.061704,25.029435],[121.061344,25.028959],[121.061289,25.028751],[121.061435,25.028515],[121.061089,25.028256],[121.060828,25.028302],[121.060012,25.028085],[121.059676,25.028377],[121.059466,25.028346],[121.059572,25.028603],[121.059388,25.028861],[121.059725,25.029112],[121.059079,25.02925],[121.05866,25.02886],[121.058135,25.029274],[121.058521,25.02955],[121.058554,25.029933],[121.058334,25.0301],[121.058507,25.030335],[121.058396,25.030593],[121.058843,25.030927],[121.05874,25.031312],[121.057856,25.032013],[121.057213,25.031497],[121.056712,25.031901],[121.056428,25.031786],[121.056508,25.031885],[121.05872,25.033644],[121.06109,25.03519],[121.063412,25.036415],[121.066506,25.037702],[121.066479,25.037806],[121.066745,25.037908],[121.066549,25.038156],[121.066325,25.038139],[121.065389,25.039126],[121.065907,25.039466],[121.065821,25.039966],[121.065934,25.040174],[121.066854,25.040559],[121.06805,25.041428],[121.069201,25.041098],[121.069587,25.041986],[121.070226,25.042494],[121.071182,25.042845],[121.071974,25.043575],[121.073947,25.044524],[121.074942,25.044675]]],[[[121.098229,25.05824],[121.098906,25.056809],[121.099194,25.056941],[121.099339,25.056623],[121.099114,25.056448],[121.099667,25.054726],[121.096317,25.052489],[121.096106,25.052113],[121.095749,25.052367],[121.095028,25.052446],[121.095048,25.052159],[121.094623,25.051458],[121.093134,25.05017],[121.092937,25.050381],[121.091178,25.048747],[121.090433,25.049075],[121.090279,25.048513],[121.089837,25.048035],[121.089813,25.047815],[121.089325,25.047957],[121.088465,25.047507],[121.087732,25.046663],[121.087609,25.046448],[121.087698,25.046323],[121.087285,25.045968],[121.087579,25.045815],[121.087434,25.045599],[121.086874,25.045361],[121.087027,25.045012],[121.085214,25.043444],[121.084899,25.043829],[121.084512,25.043856],[121.083755,25.044425],[121.081584,25.044671],[121.080544,25.045439],[121.08016,25.045959],[121.08001,25.046102],[121.079909,25.046014],[121.078779,25.047148],[121.078788,25.047386],[121.079121,25.047453],[121.080146,25.048324],[121.080348,25.048187],[121.08073,25.048333],[121.081615,25.048988],[121.082106,25.048673],[121.082511,25.04881],[121.084804,25.050821],[121.084615,25.050889],[121.084609,25.051311],[121.084771,25.051547],[121.086493,25.051792],[121.087011,25.051986],[121.087183,25.052216],[121.087399,25.052083],[121.087654,25.052245],[121.088458,25.052916],[121.088401,25.05307],[121.089386,25.054003],[121.089706,25.053925],[121.089888,25.054771],[121.092763,25.056317],[121.094326,25.056124],[121.095112,25.056206],[121.095665,25.057075],[121.096075,25.057292],[121.09658,25.057099],[121.097641,25.058342],[121.097963,25.058431],[121.098229,25.05824]]]]}},{"type":"Feature","properties":{"name":"大潭濱海特定工業區(一、二期)","type":"報編產業園區","status":"已開發","manager":"桃園市政府","county":"桃園市","parkId":71},"geometry":{"type":"MultiPolygon","coordinates":[[[[121.043622,25.016712],[121.043891,25.016959],[121.043899,25.016932],[121.043622,25.016712]]],[[[121.053981,25.033508],[121.054141,25.033094],[121.055071,25.032145],[121.054774,25.031896],[121.055239,25.031396],[121.057489,25.029915],[121.057935,25.029302],[121.059171,25.028335],[121.059605,25.028316],[121.060052,25.027961],[121.061111,25.028225],[121.061482,25.027805],[121.06219,25.025629],[121.060999,25.026095],[121.060513,25.025326],[121.059726,25.024787],[121.058937,25.024027],[121.059597,25.02347],[121.059241,25.023053],[121.058533,25.023629],[121.056914,25.022111],[121.055875,25.02212],[121.055439,25.02222],[121.054792,25.022609],[121.054476,25.022628],[121.053934,25.02328],[121.052282,25.024749],[121.051878,25.024082],[121.051232,25.023504],[121.050928,25.023484],[121.050379,25.023088],[121.048549,25.021036],[121.048334,25.020624],[121.047657,25.020233],[121.047006,25.019448],[121.046432,25.018988],[121.045242,25.017405],[121.044629,25.017597],[121.043808,25.017364],[121.042426,25.015884],[121.041712,25.015971],[121.041277,25.016196],[121.041323,25.016325],[121.039715,25.017495],[121.038501,25.017732],[121.037935,25.017685],[121.036084,25.018344],[121.037869,25.019706],[121.040648,25.023018],[121.043241,25.025652],[121.043495,25.026063],[121.044718,25.026966],[121.045939,25.028697],[121.04639,25.029009],[121.047727,25.030431],[121.051689,25.033629],[121.051854,25.033454],[121.052949,25.034335],[121.053565,25.033951],[121.053981,25.033508]]]]}},{"type":"Feature","properties":{"name":"龍潭烏樹林段","type":"報編產業園區","status":"自行購地設廠","manager":"桃園市政府","county":"桃園市","parkId":72},"geometry":{"type":"Polygon","coordinates":[[[121.210516,24.891367],[121.210344,24.89076],[121.209983,24.890464],[121.210033,24.890301],[121.210428,24.890119],[121.210342,24.889854],[121.211451,24.889839],[121.21148,24.889731],[121.211762,24.88973],[121.211276,24.885811],[121.210414,24.885945],[121.210316,24.884198],[121.20908,24.883868],[121.206735,24.882908],[121.206057,24.884296],[121.205006,24.885784],[121.204488,24.886406],[121.203838,24.886602],[121.203662,24.887979],[121.203963,24.889449],[121.204496,24.889935],[121.20738,24.891205],[121.210516,24.891367]],[[121.209764,24.891362],[121.209765,24.891337],[121.2098,24.89134],[121.209764,24.891362]]]}},{"type":"Feature","properties":{"name":"北部特定工業區","type":"報編產業園區","status":"已開發","manager":"公民營事業","county":"桃園市","parkId":73},"geometry":{"type":"Polygon","coordinates":[[[121.315408,25.040597],[121.316558,25.040885],[121.317199,25.041478],[121.318472,25.040987],[121.319887,25.041039],[121.320637,25.040981],[121.321674,25.040646],[121.323238,25.04077],[121.324117,25.040607],[121.324406,25.040966],[121.324978,25.04119],[121.325639,25.041033],[121.325867,25.040849],[121.326779,25.040812],[121.329281,25.041222],[121.329778,25.041112],[121.331224,25.041566],[121.333271,25.041512],[121.334004,25.04132],[121.335144,25.041451],[121.336767,25.042053],[121.337413,25.042646],[121.338986,25.043374],[121.339668,25.0435],[121.341378,25.044114],[121.342729,25.044289],[121.342832,25.044277],[121.342995,25.043648],[121.343141,25.043659],[121.343147,25.043153],[121.343427,25.042191],[121.343663,25.042138],[121.344391,25.040856],[121.343628,25.040288],[121.341891,25.03952],[121.340466,25.038304],[121.336512,25.036606],[121.335152,25.036312],[121.333965,25.035401],[121.332313,25.034434],[121.331527,25.031835],[121.331256,25.031515],[121.330664,25.031222],[121.330522,25.030967],[121.330347,25.029401],[121.330674,25.028054],[121.330485,25.027529],[121.328647,25.027279],[121.327809,25.02689],[121.32659,25.02654],[121.32473,25.026931],[121.324461,25.026722],[121.324154,25.026087],[121.323631,25.025917],[121.323343,25.025978],[121.323069,25.026265],[121.321052,25.026302],[121.320372,25.026097],[121.319527,25.026378],[121.319124,25.026726],[121.317788,25.026496],[121.316892,25.026562],[121.316508,25.026945],[121.316451,25.027488],[121.31621,25.02782],[121.316194,25.028248],[121.315383,25.029065],[121.313619,25.029679],[121.313644,25.029567],[121.312733,25.029789],[121.312431,25.030613],[121.311587,25.031057],[121.311184,25.03091],[121.31108,25.030639],[121.31097,25.030674],[121.310602,25.02973],[121.310801,25.028281],[121.311489,25.027658],[121.311559,25.02668],[121.309142,25.026025],[121.308335,25.028609],[121.306173,25.032694],[121.303726,25.032255],[121.303624,25.032085],[121.303395,25.032575],[121.304223,25.032673],[121.305744,25.033048],[121.305701,25.033128],[121.305862,25.033168],[121.304202,25.036478],[121.30199,25.039572],[121.309176,25.04316],[121.309004,25.042809],[121.308661,25.042519],[121.308965,25.04169],[121.309262,25.041746],[121.310014,25.041336],[121.310408,25.040931],[121.31038,25.041167],[121.310608,25.040997],[121.310545,25.040623],[121.310756,25.040172],[121.311702,25.039721],[121.312017,25.040529],[121.312797,25.041041],[121.312985,25.040545],[121.313639,25.040326],[121.313929,25.04009],[121.314944,25.040277],[121.315044,25.04052],[121.315408,25.040597]]]}},{"type":"Feature","properties":{"name":"大興工業區","type":"報編產業園區","status":"已開發","manager":"興辦工業人","county":"桃園市","parkId":74},"geometry":{"type":"Polygon","coordinates":[[[121.131329,24.904362],[121.131758,24.903595],[121.132617,24.903846],[121.132853,24.903128],[121.134267,24.902717],[121.13424,24.902335],[121.134439,24.902278],[121.134805,24.901571],[121.134212,24.901239],[121.134179,24.900994],[121.1338,24.900659],[121.133546,24.901654],[121.13304,24.901757],[121.132664,24.901671],[121.132493,24.901561],[121.132577,24.901357],[121.131976,24.900865],[121.131898,24.90092],[121.131013,24.900352],[121.130665,24.900394],[121.130175,24.900177],[121.130043,24.900053],[121.130168,24.89977],[121.12951,24.899423],[121.12802,24.902391],[121.128646,24.902918],[121.128275,24.90322],[121.12801,24.903666],[121.128943,24.904307],[121.129507,24.903399],[121.13011,24.903568],[121.130466,24.903509],[121.130717,24.903568],[121.130864,24.904041],[121.131329,24.904362]]]}},{"type":"Feature","properties":{"name":"桃園許厝港段","type":"報編產業園區","status":"已開發","manager":"興辦工業人","county":"桃園市","parkId":75},"geometry":{"type":"Polygon","coordinates":[[[121.174937,25.082179],[121.17503,25.082011],[121.175354,25.082014],[121.176985,25.080269],[121.177874,25.079583],[121.17823,25.079076],[121.177938,25.078071],[121.177509,25.077598],[121.174083,25.07827],[121.174321,25.079671],[121.174102,25.08021],[121.173361,25.081177],[121.173477,25.082066],[121.174138,25.083159],[121.174459,25.08299],[121.174937,25.082179]]]}},{"type":"Feature","properties":{"name":"桃園市龍潭區高原段工業用地\n(龍潭區銅鑼圈段工業用地","type":"報編產業園區","status":"已開發","manager":"公民營事業","county":"桃園市","parkId":76},"geometry":{"type":"Polygon","coordinates":[[[121.205092,24.840707],[121.206328,24.839696],[121.20554,24.838987],[121.206074,24.838587],[121.204913,24.837569],[121.204413,24.838002],[121.204049,24.837677],[121.20395,24.836757],[121.202452,24.837171],[121.2033,24.838309],[121.203005,24.838613],[121.202984,24.838822],[121.202836,24.838739],[121.202494,24.838997],[121.203371,24.839835],[121.203016,24.840051],[121.204346,24.84129],[121.205092,24.840707]]]}},{"type":"Feature","properties":{"name":"桃園高山頂段","type":"報編產業園區","status":"已開發","manager":"興辦工業人","county":"桃園市","parkId":77},"geometry":{"type":"Polygon","coordinates":[[[121.153652,24.924512],[121.1536,24.923686],[121.15401,24.922545],[121.154358,24.922631],[121.154356,24.92229],[121.154985,24.922583],[121.155603,24.92249],[121.156154,24.923089],[121.158242,24.920742],[121.156111,24.921119],[121.156141,24.921021],[121.154422,24.921083],[121.153894,24.921395],[121.153893,24.921151],[121.151585,24.921457],[121.150813,24.920448],[121.1494,24.920767],[121.150003,24.92192],[121.150222,24.922675],[121.150599,24.923154],[121.149818,24.923295],[121.149914,24.92353],[121.150319,24.923621],[121.150734,24.923531],[121.150905,24.923204],[121.151947,24.924452],[121.152115,24.924444],[121.152221,24.924725],[121.152673,24.924804],[121.153344,24.925557],[121.153762,24.925637],[121.153531,24.924796],[121.153652,24.924512]]]}},{"type":"Feature","properties":{"name":"桃園南興段","type":"報編產業園區","status":"已開發","manager":"興辦工業人","county":"桃園市","parkId":78},"geometry":{"type":"Polygon","coordinates":[[[121.261538,24.905585],[121.261791,24.905793],[121.261903,24.905708],[121.261692,24.905469],[121.26204,24.905211],[121.262232,24.905386],[121.262726,24.905097],[121.262236,24.904615],[121.262094,24.903952],[121.262092,24.903841],[121.262302,24.903836],[121.262479,24.903586],[121.262421,24.903048],[121.262343,24.902767],[121.261955,24.902682],[121.261925,24.90123],[121.260721,24.901021],[121.261198,24.900618],[121.261486,24.900837],[121.261889,24.900764],[121.262219,24.900956],[121.263062,24.900999],[121.26302,24.901128],[121.263235,24.900774],[121.259942,24.900132],[121.259567,24.898849],[121.259647,24.898477],[121.259236,24.897854],[121.256967,24.897749],[121.256916,24.897857],[121.257353,24.897976],[121.257482,24.898564],[121.257293,24.898842],[121.256767,24.898729],[121.256647,24.898922],[121.256449,24.899369],[121.256424,24.900061],[121.256146,24.900431],[121.256078,24.901027],[121.255603,24.902144],[121.256278,24.902622],[121.256543,24.903308],[121.256302,24.903423],[121.256299,24.903566],[121.256659,24.904529],[121.258693,24.905012],[121.25861,24.904553],[121.259477,24.904204],[121.259485,24.903725],[121.259232,24.903346],[121.259386,24.903013],[121.259939,24.902959],[121.260796,24.903286],[121.260842,24.903575],[121.260575,24.903872],[121.259908,24.903925],[121.260219,24.904149],[121.260607,24.905091],[121.261054,24.905666],[121.261226,24.905813],[121.261538,24.905585]]]}},{"type":"Feature","properties":{"name":"桃園下陰影窩段","type":"報編產業園區","status":"開發中","manager":"興辦工業人","county":"桃園市","parkId":79},"geometry":{"type":"Polygon","coordinates":[[[121.100615,24.935032],[121.100751,24.934956],[121.100921,24.935058],[121.101394,24.93454],[121.101049,24.934407],[121.100912,24.934217],[121.101078,24.934024],[121.101001,24.93392],[121.101582,24.933946],[121.101456,24.933696],[121.102234,24.93343],[121.102739,24.933684],[121.10284,24.933495],[121.103242,24.933397],[121.103365,24.933673],[121.103214,24.933832],[121.103455,24.933917],[121.103436,24.934287],[121.103214,24.934514],[121.103592,24.934307],[121.103772,24.934316],[121.103869,24.934569],[121.104243,24.934377],[121.104027,24.933975],[121.10405,24.933091],[121.103908,24.932725],[121.104309,24.932316],[121.104445,24.9318],[121.103393,24.929827],[121.103206,24.92851],[121.100542,24.929823],[121.100337,24.930163],[121.100731,24.930333],[121.100483,24.930765],[121.100361,24.931867],[121.100033,24.932573],[121.100729,24.932781],[121.099836,24.933961],[121.099921,24.934053],[121.098829,24.935185],[121.098811,24.936269],[121.100032,24.935779],[121.100615,24.935032]]]}},{"type":"Feature","properties":{"name":"海湖工業用地","type":"報編產業園區","status":"自行購地設廠","manager":"桃園市政府","county":"桃園市","parkId":80},"geometry":{"type":"MultiPolygon","coordinates":[[[[121.271846,25.104066],[121.27259,25.100781],[121.273405,25.096143],[121.272604,25.095642],[121.272482,25.095355],[121.271658,25.094457],[121.270184,25.093112],[121.269706,25.093596],[121.269071,25.09322],[121.266637,25.094766],[121.265849,25.095335],[121.265521,25.095732],[121.265404,25.096288],[121.263622,25.100045],[121.269782,25.102301],[121.271846,25.104066]]],[[[121.261937,25.113898],[121.262365,25.113339],[121.262093,25.113184],[121.263513,25.111308],[121.264509,25.111913],[121.265936,25.11007],[121.263695,25.108783],[121.264016,25.108821],[121.263771,25.108658],[121.265075,25.106935],[121.26605,25.107488],[121.268628,25.104071],[121.26617,25.102119],[121.26206,25.10173],[121.258976,25.106024],[121.259004,25.106169],[121.257628,25.107966],[121.257882,25.108136],[121.257441,25.10819],[121.256716,25.109161],[121.256786,25.109915],[121.256274,25.111107],[121.261466,25.11448],[121.261937,25.113898]]]]}},{"type":"Feature","properties":{"name":"新屋永安工業用地","type":"報編產業園區","status":"自行購地設廠","manager":"桃園市政府","county":"桃園市","parkId":81},"geometry":{"type":"Polygon","coordinates":[[[121.030125,24.987393],[121.031069,24.987145],[121.031408,24.98681],[121.03147,24.986365],[121.031913,24.986579],[121.031762,24.986676],[121.032177,24.986738],[121.032616,24.9866],[121.032107,24.986624],[121.032696,24.986403],[121.032859,24.986178],[121.033239,24.985997],[121.033287,24.985817],[121.033643,24.985722],[121.034073,24.985835],[121.034488,24.985708],[121.035564,24.984874],[121.035659,24.984425],[121.03596,24.984448],[121.036589,24.983552],[121.040241,24.981254],[121.041819,24.981396],[121.042682,24.981114],[121.043754,24.980536],[121.045221,24.98044],[121.045432,24.979583],[121.045215,24.979087],[121.04503,24.978806],[121.044551,24.978576],[121.043052,24.978341],[121.043156,24.978269],[121.042282,24.977984],[121.041682,24.978413],[121.041176,24.978364],[121.040439,24.978958],[121.039828,24.978977],[121.039225,24.979516],[121.038926,24.979609],[121.038965,24.979733],[121.038058,24.98056],[121.037621,24.980934],[121.037616,24.980757],[121.0374,24.980921],[121.03706,24.981435],[121.037051,24.981338],[121.036368,24.981443],[121.035701,24.982024],[121.035176,24.982743],[121.034576,24.983128],[121.034644,24.983198],[121.034014,24.983653],[121.033336,24.983882],[121.033428,24.984254],[121.031986,24.984668],[121.030914,24.985608],[121.030312,24.985434],[121.029849,24.984806],[121.029544,24.984824],[121.029026,24.985186],[121.028921,24.985077],[121.028424,24.98506],[121.028859,24.985079],[121.028286,24.985578],[121.028768,24.985531],[121.028796,24.985722],[121.028597,24.98628],[121.028235,24.986284],[121.028339,24.986604],[121.028069,24.986512],[121.027939,24.986662],[121.028084,24.98688],[121.028036,24.987067],[121.028666,24.98736],[121.030125,24.987393]]]}},{"type":"Feature","properties":{"name":"桃園幼獅擴大工業用地","type":"報編產業園區","status":"自行購地設廠","manager":"桃園市政府","county":"桃園市","parkId":82},"geometry":{"type":"Polygon","coordinates":[[[121.165763,24.931303],[121.166384,24.928883],[121.166712,24.928648],[121.168726,24.923981],[121.168562,24.923693],[121.167673,24.923565],[121.167245,24.923687],[121.167127,24.924027],[121.166193,24.923709],[121.164548,24.924296],[121.163012,24.924666],[121.163219,24.924572],[121.163175,24.923753],[121.163555,24.923039],[121.162539,24.923277],[121.16228,24.922868],[121.159332,24.922519],[121.158143,24.921716],[121.15751,24.921612],[121.156154,24.923089],[121.155603,24.92249],[121.154985,24.922583],[121.154361,24.922294],[121.154415,24.924084],[121.155105,24.926036],[121.156435,24.926129],[121.156025,24.926686],[121.156227,24.926898],[121.156657,24.927215],[121.158658,24.927939],[121.159543,24.930424],[121.161769,24.931146],[121.163122,24.932353],[121.163566,24.932533],[121.164136,24.932604],[121.164637,24.932378],[121.165763,24.931303]]]}},{"type":"Feature","properties":{"name":"龍潭工業園區","type":"報編產業園區","status":"已開發","manager":"興辦工業人","county":"桃園市","parkId":83},"geometry":{"type":"Polygon","coordinates":[[[121.191274,24.858532],[121.190769,24.857877],[121.190099,24.857568],[121.190072,24.857438],[121.190355,24.857099],[121.190304,24.856908],[121.190639,24.856863],[121.193841,24.858862],[121.194727,24.857617],[121.195336,24.857232],[121.194206,24.856799],[121.193902,24.856455],[121.193392,24.856333],[121.192065,24.855355],[121.191752,24.85478],[121.190888,24.854185],[121.190901,24.854065],[121.189918,24.853889],[121.190084,24.853683],[121.188993,24.853438],[121.188859,24.854167],[121.189249,24.85454],[121.188363,24.85447],[121.188489,24.854146],[121.188351,24.8539],[121.187532,24.853482],[121.187533,24.853129],[121.18734,24.853213],[121.186924,24.853133],[121.186483,24.853684],[121.186259,24.854464],[121.18566,24.854034],[121.185511,24.854083],[121.185744,24.854322],[121.185605,24.854418],[121.185418,24.854451],[121.185048,24.854132],[121.184755,24.854382],[121.185039,24.854677],[121.185813,24.854906],[121.186075,24.854694],[121.186907,24.855301],[121.188278,24.856026],[121.187943,24.856378],[121.187976,24.856538],[121.188138,24.856553],[121.188167,24.856771],[121.18807,24.857066],[121.18779,24.857303],[121.187879,24.857382],[121.188424,24.857576],[121.188883,24.857997],[121.189196,24.857781],[121.18942,24.858177],[121.189672,24.858005],[121.190139,24.858227],[121.190385,24.858098],[121.190798,24.858357],[121.190858,24.858595],[121.191103,24.858497],[121.19124,24.858846],[121.191428,24.858938],[121.191265,24.858793],[121.191274,24.858532]]]}},{"type":"Feature","properties":{"name":"觀塘工業區(港)","type":"報編產業園區","status":"開發中","manager":"興辦工業人","county":"桃園市","parkId":84},"geometry":{"type":"Polygon","coordinates":[[[121.048379,25.057413],[121.053275,25.053948],[121.053337,25.054357],[121.054564,25.054203],[121.054482,25.053661],[121.056736,25.052066],[121.05618,25.051568],[121.061233,25.047005],[121.064611,25.043954],[121.064458,25.043914],[121.064384,25.043895],[121.06336,25.043547],[121.062336,25.043199],[121.061312,25.04285],[121.061056,25.042763],[121.060289,25.042502],[121.059266,25.042159],[121.058268,25.041826],[121.057212,25.041328],[121.056126,25.040831],[121.055082,25.040338],[121.054096,25.039916],[121.053037,25.039462],[121.053028,25.039471],[121.05221,25.038748],[121.051391,25.038026],[121.050572,25.037304],[121.049753,25.036582],[121.048935,25.03586],[121.048116,25.035137],[121.047908,25.034953],[121.04773,25.034796],[121.047515,25.034607],[121.047301,25.034418],[121.047289,25.034407],[121.047309,25.034394],[121.046596,25.033585],[121.04587,25.032762],[121.045145,25.031938],[121.044372,25.031151],[121.043645,25.03041],[121.04281,25.029559],[121.041997,25.028818],[121.041974,25.028797],[121.041184,25.028078],[121.04039,25.027354],[121.041242,25.02647],[121.041224,25.026455],[121.040748,25.026042],[121.039905,25.025313],[121.040083,25.02499],[121.040407,25.024404],[121.040385,25.024391],[121.040464,25.024306],[121.04046,25.024304],[121.040451,25.024299],[121.040372,25.024255],[121.040363,25.024251],[121.039982,25.024041],[121.039982,25.024042],[121.039981,25.024042],[121.039981,25.024042],[121.039981,25.024041],[121.039975,25.024037],[121.039928,25.024124],[121.040239,25.024306],[121.039777,25.025167],[121.039261,25.025625],[121.039004,25.025844],[121.033883,25.030219],[121.033171,25.03066],[121.033169,25.031145],[121.033603,25.031544],[121.034089,25.031546],[121.034512,25.03112],[121.034368,25.030988],[121.038278,25.027286],[121.040605,25.029422],[121.038399,25.031266],[121.037623,25.031561],[121.035821,25.032363],[121.033337,25.032313],[121.033111,25.032106],[121.033262,25.031969],[121.032751,25.0315],[121.032247,25.031498],[121.031791,25.03191],[121.031789,25.032447],[121.03293,25.033287],[121.033714,25.033283],[121.03243,25.034425],[121.028539,25.037887],[121.028398,25.038014],[121.028883,25.038466],[121.029024,25.038339],[121.032918,25.034874],[121.034651,25.033332],[121.035505,25.033335],[121.035443,25.033391],[121.037117,25.03493],[121.038791,25.036469],[121.040675,25.0382],[121.041147,25.038634],[121.041129,25.038647],[121.042315,25.039738],[121.043989,25.041277],[121.045299,25.04248],[121.045664,25.042816],[121.047338,25.044355],[121.047461,25.044469],[121.04733,25.044587],[121.04888,25.046013],[121.049613,25.046686],[121.049754,25.046559],[121.049895,25.046432],[121.051639,25.048035],[121.051709,25.047972],[121.053247,25.049385],[121.053092,25.049525],[121.051676,25.048223],[121.051303,25.04856],[121.053607,25.050678],[121.054415,25.05142],[121.054788,25.051083],[121.054046,25.050402],[121.054229,25.050287],[121.055555,25.051507],[121.053651,25.052855],[121.053578,25.052769],[121.053263,25.052992],[121.048487,25.056372],[121.046502,25.055149],[121.047243,25.054683],[121.048229,25.055379],[121.048532,25.055022],[121.047671,25.054414],[121.045165,25.052643],[121.044862,25.052999],[121.046359,25.054058],[121.045726,25.054801],[121.039929,25.05123],[121.03992,25.051239],[121.030871,25.045664],[121.030871,25.045664],[121.030886,25.045654],[121.0242,25.041534],[121.022007,25.039158],[121.021476,25.039565],[121.021486,25.039576],[121.021335,25.039692],[121.023591,25.042135],[121.030135,25.046168],[121.030284,25.046065],[121.039416,25.051691],[121.039284,25.05181],[121.045613,25.055709],[121.048379,25.057413]],[[121.030721,25.045766],[121.024059,25.041661],[121.030721,25.045766],[121.030721,25.045766]]]}},{"type":"Feature","properties":{"name":"大洋工業區","type":"報編產業園區","status":"開發中","manager":"興辦工業人","county":"桃園市","parkId":85},"geometry":{"type":"Polygon","coordinates":[[[121.042406,25.015498],[121.044072,25.01674],[121.044334,25.016555],[121.044149,25.016383],[121.04532,25.016508],[121.045342,25.016592],[121.044896,25.016707],[121.045085,25.016923],[121.044483,25.017272],[121.043784,25.016892],[121.042661,25.015937],[121.042261,25.015818],[121.042718,25.016122],[121.043638,25.017249],[121.044357,25.017588],[121.044629,25.017597],[121.045218,25.017383],[121.044519,25.017549],[121.043945,25.017116],[121.04467,25.017385],[121.045842,25.016897],[121.046674,25.016238],[121.046533,25.016104],[121.046857,25.015696],[121.047006,25.015105],[121.047219,25.014985],[121.047013,25.0149],[121.045433,25.015015],[121.044369,25.014927],[121.044324,25.014632],[121.043523,25.014925],[121.043602,25.014552],[121.043107,25.014239],[121.042919,25.014355],[121.042659,25.014954],[121.042377,25.01517],[121.04212,25.01479],[121.041434,25.015152],[121.041268,25.015109],[121.040659,25.015345],[121.040334,25.015044],[121.039152,25.016074],[121.039939,25.016776],[121.041298,25.015597],[121.042217,25.015408],[121.042357,25.015223],[121.042306,25.015606],[121.042406,25.015498]]]}},{"type":"Feature","properties":{"name":"日禕紡織報編工業區","type":"報編產業園區","status":"開發中","manager":"興辦工業人","county":"桃園市","parkId":86},"geometry":{"type":"Polygon","coordinates":[[[121.151463,24.977529],[121.152052,24.977155],[121.15267,24.977155],[121.152791,24.976774],[121.152337,24.976812],[121.151209,24.975544],[121.150672,24.975805],[121.150539,24.975633],[121.150521,24.97525],[121.149732,24.975237],[121.149775,24.975637],[121.149291,24.976651],[121.149226,24.976769],[121.148878,24.97684],[121.149391,24.976942],[121.150954,24.978184],[121.151323,24.97795],[121.151463,24.977529]]]}},{"type":"Feature","properties":{"name":"東和鋼鐵報編工業區","type":"報編產業園區","status":"開發中","manager":"興辦工業人","county":"桃園市","parkId":87},"geometry":{"type":"Polygon","coordinates":[[[121.140881,25.070656],[121.14192,25.0699],[121.141804,25.069781],[121.142821,25.069003],[121.143363,25.06826],[121.143636,25.066216],[121.143859,25.065635],[121.144334,25.065165],[121.144386,25.06485],[121.144321,25.063469],[121.144219,25.062997],[121.144028,25.062777],[121.143632,25.062858],[121.143639,25.063251],[121.143461,25.063591],[121.142977,25.063631],[121.142092,25.063405],[121.141899,25.064072],[121.141651,25.064281],[121.141074,25.064591],[121.140783,25.064438],[121.14067,25.065767],[121.139969,25.066358],[121.138761,25.067068],[121.138702,25.067257],[121.139132,25.067941],[121.139275,25.06864],[121.139148,25.068915],[121.138279,25.069482],[121.138576,25.069495],[121.138583,25.070148],[121.139913,25.070423],[121.140732,25.070737],[121.140881,25.070656]]]}},{"type":"Feature","properties":{"name":"美超微科技園區","type":"報編產業園區","status":"已開發","manager":"興辦工業人","county":"桃園市","parkId":88},"geometry":{"type":"Polygon","coordinates":[[[121.317862,24.950233],[121.319238,24.948866],[121.31823,24.94795],[121.31677,24.948867],[121.315509,24.949422],[121.316127,24.950136],[121.316458,24.950126],[121.316703,24.950358],[121.317002,24.950111],[121.317425,24.950658],[121.317862,24.950233]]]}},{"type":"Feature","properties":{"name":"太平洋電線電纜申編工業區","type":"報編產業園區","status":"已開發","manager":"興辦工業人","county":"桃園市","parkId":89},"geometry":{"type":"Polygon","coordinates":[[[121.162065,24.953072],[121.162459,24.952814],[121.162485,24.952556],[121.162935,24.951738],[121.161527,24.950609],[121.158236,24.952827],[121.158204,24.952962],[121.159496,24.953757],[121.160622,24.95423],[121.161899,24.953443],[121.162065,24.953072]]]}},{"type":"Feature","properties":{"name":"桃園科技工業區二期","type":"報編產業園區","status":"已編定未開發","manager":"桃園市政府","county":"桃園市","parkId":90},"geometry":{"type":"Polygon","coordinates":[[[121.100551,25.053053],[121.102095,25.051177],[121.102387,25.050504],[121.103216,25.04791],[121.103595,25.045989],[121.104388,25.043996],[121.104421,25.043384],[121.104174,25.043453],[121.103542,25.043235],[121.103337,25.043276],[121.102843,25.042965],[121.10084,25.044892],[121.099743,25.043911],[121.099607,25.043958],[121.098401,25.04546],[121.0973,25.046378],[121.096769,25.04839],[121.096113,25.050052],[121.096203,25.049971],[121.096202,25.051215],[121.095927,25.051704],[121.096175,25.052281],[121.096394,25.052548],[121.099431,25.054629],[121.099685,25.054657],[121.100027,25.053687],[121.100551,25.053053]]]}},{"type":"Feature","properties":{"name":"沙崙產業園區","type":"報編產業園區","status":"開發中","manager":"桃園市政府","county":"桃園市","parkId":91},"geometry":{"type":"Polygon","coordinates":[[[121.206441,25.096481],[121.205595,25.096584],[121.205306,25.096436],[121.204751,25.096734],[121.204265,25.097173],[121.20378,25.098205],[121.206745,25.100509],[121.208369,25.101446],[121.210092,25.10224],[121.212076,25.100721],[121.211129,25.098714],[121.210799,25.098468],[121.210085,25.098323],[121.207354,25.097182],[121.206441,25.096481]]]}},{"type":"Feature","properties":{"name":"長榮集團大園產業園區","type":"報編產業園區","status":"開發中","manager":"興辦工業人","county":"桃園市","parkId":92},"geometry":{"type":"Polygon","coordinates":[[[121.248801,25.11225],[121.248626,25.112123],[121.248238,25.112751],[121.247685,25.114082],[121.248637,25.11471],[121.24916,25.114188],[121.250087,25.11367],[121.250816,25.112864],[121.251108,25.11231],[121.251903,25.111643],[121.2522,25.111612],[121.252471,25.111315],[121.250616,25.110258],[121.250597,25.110446],[121.250268,25.110439],[121.24969,25.110991],[121.249851,25.111133],[121.249184,25.111963],[121.248801,25.11225]]]}},{"type":"Feature","properties":{"name":"光華樂活創意園區\n(光華擴大工業區)","type":"報編產業園區","status":"開發中","manager":"花蓮縣政府","county":"花蓮縣","parkId":93},"geometry":{"type":"Polygon","coordinates":[[[121.595275,23.941401],[121.598694,23.940295],[121.598869,23.93975],[121.599044,23.939835],[121.600171,23.939752],[121.598193,23.936766],[121.593555,23.936346],[121.592681,23.93497],[121.593711,23.934308],[121.591521,23.930923],[121.590981,23.931238],[121.589508,23.929008],[121.589167,23.92868],[121.588523,23.929014],[121.588725,23.929389],[121.586786,23.930438],[121.59056,23.936189],[121.590305,23.939808],[121.591669,23.940405],[121.592693,23.94045],[121.595275,23.941401]]]}},{"type":"Feature","properties":{"name":"花蓮大富段","type":"報編產業園區","status":"已開發","manager":"花蓮縣政府","county":"花蓮縣","parkId":94},"geometry":{"type":"Polygon","coordinates":[[[121.376833,23.611354],[121.377325,23.611028],[121.377487,23.610999],[121.377639,23.611183],[121.380702,23.609623],[121.380594,23.609366],[121.381199,23.609279],[121.38105,23.609065],[121.381506,23.609117],[121.380894,23.608112],[121.380675,23.608134],[121.380622,23.607817],[121.380398,23.607873],[121.381596,23.60725],[121.381,23.606211],[121.3807,23.60619],[121.380755,23.606268],[121.380204,23.606655],[121.37993,23.607032],[121.380018,23.607207],[121.379558,23.60731],[121.379744,23.608059],[121.379896,23.608125],[121.37937,23.608464],[121.379447,23.608716],[121.379166,23.608823],[121.37922,23.608942],[121.378218,23.609249],[121.378045,23.608819],[121.378142,23.608746],[121.37765,23.608719],[121.378481,23.608196],[121.378434,23.607579],[121.378226,23.608348],[121.37549,23.609685],[121.375762,23.609721],[121.376103,23.610238],[121.376351,23.610268],[121.376483,23.610431],[121.376312,23.610652],[121.376833,23.611354]]]}},{"type":"Feature","properties":{"name":"花蓮海洋生技園區\n(三棧工業區)","type":"報編產業園區","status":"開發中","manager":"興辦工業人","county":"花蓮縣","parkId":95},"geometry":{"type":"Polygon","coordinates":[[[121.616871,24.103842],[121.620178,24.103815],[121.62097,24.103607],[121.622366,24.102858],[121.619668,24.098766],[121.616407,24.101793],[121.615032,24.102763],[121.613818,24.103232],[121.615967,24.103879],[121.616871,24.103842]]]}},{"type":"Feature","properties":{"name":"萬榮工業區","type":"報編產業園區","status":"開發中","manager":"興辦工業人","county":"花蓮縣","parkId":96},"geometry":{"type":"Polygon","coordinates":[[[121.420907,23.706173],[121.416591,23.696993],[121.411217,23.699091],[121.41136,23.699142],[121.415478,23.705391],[121.416055,23.705558],[121.417017,23.705556],[121.417794,23.70584],[121.418925,23.706014],[121.419869,23.705957],[121.420907,23.706173]]]}},{"type":"Feature","properties":{"name":"光隆工業區","type":"報編產業園區","status":"已開發","manager":"興辦工業人","county":"花蓮縣","parkId":97},"geometry":{"type":"Polygon","coordinates":[[[121.612895,24.061958],[121.61191,24.059652],[121.611363,24.059571],[121.61117,24.060172],[121.610577,24.059685],[121.609475,24.05941],[121.609973,24.058243],[121.609646,24.058051],[121.609555,24.057651],[121.609663,24.057235],[121.609403,24.057147],[121.609369,24.056609],[121.609214,24.056433],[121.608834,24.056388],[121.607777,24.058876],[121.606407,24.058411],[121.606866,24.061231],[121.607449,24.060963],[121.608858,24.061141],[121.610405,24.061541],[121.610449,24.061379],[121.610691,24.061365],[121.612895,24.061958]]]}},{"type":"Feature","properties":{"name":"大將工業區","type":"報編產業園區","status":"已開發","manager":"公民營事業","county":"雲林縣","parkId":98},"geometry":{"type":"Polygon","coordinates":[[[120.496101,23.745727],[120.495547,23.745734],[120.496574,23.749176],[120.496891,23.749556],[120.497037,23.749991],[120.4971,23.75071],[120.498638,23.751083],[120.499551,23.751553],[120.500688,23.751609],[120.500904,23.750731],[120.500919,23.750272],[120.500822,23.75019],[120.501851,23.748542],[120.499858,23.748168],[120.496101,23.745727]]]}},{"type":"Feature","properties":{"name":"莿桐工業用地","type":"報編產業園區","status":"自行購地設廠","manager":"雲林縣政府","county":"雲林縣","parkId":99},"geometry":{"type":"Polygon","coordinates":[[[120.495499,23.750334],[120.495451,23.749277],[120.496237,23.749168],[120.494941,23.74502],[120.489302,23.745346],[120.491377,23.747078],[120.49028,23.748883],[120.491763,23.749182],[120.491629,23.749789],[120.49107,23.749994],[120.491033,23.750131],[120.49169,23.749743],[120.492562,23.749856],[120.492644,23.749318],[120.494028,23.749333],[120.494048,23.750224],[120.494578,23.750118],[120.494552,23.749313],[120.495014,23.749295],[120.495045,23.750221],[120.495499,23.750334]]]}},{"type":"Feature","properties":{"name":"褒忠工業用地","type":"報編產業園區","status":"自行購地設廠","manager":"雲林縣政府","county":"雲林縣","parkId":100},"geometry":{"type":"Polygon","coordinates":[[[120.289654,23.719493],[120.289648,23.719264],[120.289001,23.719205],[120.288666,23.717753],[120.289412,23.71759],[120.289374,23.717385],[120.289596,23.717404],[120.289578,23.716788],[120.282733,23.716398],[120.282941,23.718138],[120.28361,23.718524],[120.286688,23.719703],[120.287325,23.719691],[120.287002,23.71919],[120.287553,23.719141],[120.287668,23.719695],[120.288347,23.71969],[120.288331,23.719579],[120.288641,23.719583],[120.288638,23.71948],[120.289654,23.719493]]]}},{"type":"Feature","properties":{"name":"麻園工業用地","type":"報編產業園區","status":"自行購地設廠","manager":"雲林縣政府","county":"雲林縣","parkId":101},"geometry":{"type":"Polygon","coordinates":[[[120.544511,23.774824],[120.545335,23.774142],[120.546514,23.773734],[120.547028,23.773702],[120.547076,23.773278],[120.54732,23.772873],[120.546509,23.772666],[120.547366,23.772419],[120.546183,23.772247],[120.546175,23.771957],[120.545393,23.771054],[120.543043,23.771579],[120.54314,23.771603],[120.540701,23.772025],[120.540442,23.773202],[120.540763,23.773743],[120.541238,23.774169],[120.542065,23.77459],[120.54319,23.774884],[120.544511,23.774824]]]}},{"type":"Feature","properties":{"name":"斗六內林段","type":"報編產業園區","status":"已開發","manager":"興辦工業人","county":"雲林縣","parkId":102},"geometry":{"type":"Polygon","coordinates":[[[120.576042,23.713581],[120.576366,23.713529],[120.576497,23.71402],[120.577056,23.713681],[120.57755,23.713632],[120.577906,23.714147],[120.578424,23.714511],[120.579265,23.713909],[120.57945,23.71392],[120.579285,23.713537],[120.579399,23.713419],[120.579652,23.713346],[120.579955,23.713438],[120.579749,23.712977],[120.579911,23.712154],[120.579011,23.712731],[120.578394,23.711973],[120.57769,23.712368],[120.577411,23.711924],[120.577076,23.711948],[120.576985,23.711816],[120.577588,23.711512],[120.577384,23.711608],[120.577201,23.711324],[120.577368,23.711171],[120.57679,23.711059],[120.577297,23.710673],[120.577514,23.710697],[120.577892,23.710044],[120.578297,23.709842],[120.578732,23.709405],[120.577989,23.709575],[120.5771,23.710065],[120.576633,23.710095],[120.575824,23.710598],[120.575214,23.710799],[120.575243,23.710631],[120.573366,23.711979],[120.572804,23.713007],[120.572804,23.713324],[120.572964,23.713276],[120.573266,23.713972],[120.57368,23.713862],[120.573613,23.713594],[120.573451,23.713648],[120.573245,23.713177],[120.573586,23.71307],[120.574168,23.714081],[120.57406,23.714504],[120.575469,23.714033],[120.576042,23.713581]]]}},{"type":"Feature","properties":{"name":"南投旺來產業園區","type":"報編產業園區","status":"開發中","manager":"南投縣政府","county":"南投縣","parkId":103},"geometry":{"type":"Polygon","coordinates":[[[120.668087,23.892731],[120.668843,23.890653],[120.668142,23.890608],[120.666619,23.890122],[120.665994,23.890065],[120.663318,23.889362],[120.662348,23.888914],[120.660818,23.888993],[120.660623,23.890052],[120.661892,23.890395],[120.66376,23.891292],[120.667992,23.892982],[120.668087,23.892731]]]}},{"type":"Feature","properties":{"name":"埔里地方特色產業微型","type":"報編產業園區","status":"開發中","manager":"南投縣政府","county":"南投縣","parkId":104},"geometry":{"type":"Polygon","coordinates":[[[120.959486,23.989878],[120.959589,23.989754],[120.959583,23.989983],[120.959295,23.990301],[120.959389,23.990345],[120.959621,23.990089],[120.960169,23.989866],[120.960039,23.988052],[120.958789,23.988708],[120.957835,23.989046],[120.957678,23.99024],[120.957784,23.990244],[120.958172,23.991481],[120.958453,23.991344],[120.958616,23.990461],[120.958935,23.990374],[120.959486,23.989878]]]}},{"type":"Feature","properties":{"name":"西山工業用地","type":"報編產業園區","status":"自行購地設廠","manager":"苗栗縣政府","county":"苗栗縣","parkId":105},"geometry":{"type":"MultiPolygon","coordinates":[[[[120.81544,24.592136],[120.81544,24.592118],[120.815437,24.592137],[120.81544,24.592136]]],[[[120.810055,24.596989],[120.810458,24.597147],[120.812156,24.597036],[120.8138,24.596667],[120.814289,24.596115],[120.815111,24.59589],[120.815456,24.595614],[120.815627,24.595033],[120.815553,24.594583],[120.81577,24.594265],[120.815416,24.594145],[120.815497,24.593985],[120.815184,24.593356],[120.815354,24.591941],[120.815117,24.591031],[120.815207,24.59031],[120.814715,24.589545],[120.814522,24.588835],[120.814777,24.588508],[120.814493,24.58841],[120.814598,24.588021],[120.814347,24.588026],[120.814238,24.587426],[120.81448,24.587366],[120.814546,24.587133],[120.814761,24.587162],[120.813637,24.587085],[120.813462,24.587323],[120.81196,24.588215],[120.811767,24.588569],[120.810735,24.588419],[120.809491,24.588034],[120.809099,24.588158],[120.809498,24.588713],[120.809527,24.588951],[120.80984,24.589051],[120.809833,24.589528],[120.809705,24.590084],[120.809058,24.59064],[120.808427,24.590678],[120.808576,24.59124],[120.808497,24.591787],[120.807925,24.591864],[120.80822,24.591898],[120.807689,24.592108],[120.80675,24.592266],[120.806168,24.592756],[120.805547,24.59308],[120.805167,24.593744],[120.804235,24.594232],[120.803944,24.5942],[120.804308,24.595003],[120.804926,24.594939],[120.805305,24.595449],[120.806147,24.595936],[120.806276,24.596249],[120.806742,24.595756],[120.806811,24.595997],[120.806216,24.596431],[120.806311,24.596572],[120.806732,24.596247],[120.806918,24.595968],[120.80682,24.595705],[120.807097,24.595528],[120.807499,24.596275],[120.807687,24.596409],[120.808366,24.596742],[120.809131,24.596874],[120.809527,24.597146],[120.810055,24.596989]]]]}},{"type":"Feature","properties":{"name":"中興工業區(南區)","type":"報編產業園區","status":"已開發","manager":"公民營事業","county":"苗栗縣","parkId":106},"geometry":{"type":"Polygon","coordinates":[[[120.801719,24.494841],[120.801828,24.494176],[120.802557,24.492243],[120.802302,24.492172],[120.80225,24.491902],[120.802377,24.491507],[120.802534,24.491543],[120.802601,24.491439],[120.802993,24.490329],[120.803543,24.489633],[120.803389,24.489531],[120.80427,24.48859],[120.804119,24.488508],[120.804366,24.488178],[120.804413,24.487873],[120.803983,24.487035],[120.804532,24.486667],[120.804763,24.486038],[120.803172,24.485569],[120.803552,24.48235],[120.80346,24.48204],[120.801164,24.485173],[120.799914,24.48764],[120.798881,24.490435],[120.798075,24.494408],[120.801719,24.494841]]]}},{"type":"Feature","properties":{"name":"中興工業區(北區)","type":"報編產業園區","status":"已開發","manager":"公民營事業","county":"苗栗縣","parkId":107},"geometry":{"type":"Polygon","coordinates":[[[120.800091,24.504544],[120.799979,24.504302],[120.800386,24.503155],[120.800601,24.501216],[120.800259,24.499938],[120.800249,24.499418],[120.800351,24.499425],[120.800455,24.498771],[120.800675,24.498792],[120.801191,24.498296],[120.801448,24.497818],[120.802065,24.495819],[120.801723,24.494842],[120.798186,24.49442],[120.797753,24.497619],[120.79771,24.501808],[120.797845,24.50414],[120.798466,24.504359],[120.798603,24.504555],[120.798686,24.504436],[120.800257,24.50499],[120.800091,24.504544]]]}},{"type":"Feature","properties":{"name":"廣源科技園區\n(舊稱苗栗口公館段(廣源電子))","type":"報編產業園區","status":"已開發","manager":"興辦工業人","county":"苗栗縣","parkId":108},"geometry":{"type":"Polygon","coordinates":[[[120.911214,24.720615],[120.912048,24.720699],[120.912186,24.720199],[120.911959,24.719568],[120.912691,24.719345],[120.913025,24.718857],[120.913079,24.718281],[120.912872,24.717649],[120.912345,24.717322],[120.911782,24.717194],[120.910909,24.717234],[120.910622,24.717573],[120.910412,24.717431],[120.910263,24.717552],[120.909433,24.71695],[120.908593,24.716865],[120.908538,24.716282],[120.906634,24.716532],[120.90605,24.716444],[120.905713,24.718025],[120.9059,24.718095],[120.906119,24.717713],[120.905999,24.717706],[120.906036,24.717332],[120.906378,24.717326],[120.906805,24.717606],[120.90686,24.717916],[120.907131,24.718243],[120.906888,24.718576],[120.906951,24.718656],[120.907894,24.718861],[120.908686,24.719316],[120.908524,24.719955],[120.910218,24.720589],[120.910646,24.720504],[120.910487,24.72021],[120.910923,24.720333],[120.911362,24.721066],[120.911214,24.720615]]]}},{"type":"Feature","properties":{"name":"三義工業區","type":"報編產業園區","status":"已開發","manager":"公民營事業","county":"苗栗縣","parkId":109},"geometry":{"type":"Polygon","coordinates":[[[120.745214,24.38128],[120.745734,24.38101],[120.745982,24.381117],[120.74617,24.380784],[120.746692,24.380522],[120.747424,24.379554],[120.747955,24.379916],[120.749769,24.378701],[120.749228,24.377383],[120.749278,24.377236],[120.748939,24.376791],[120.748063,24.374695],[120.747762,24.373808],[120.747826,24.373714],[120.747168,24.372723],[120.746818,24.372672],[120.746378,24.372051],[120.746274,24.371609],[120.745869,24.371161],[120.744421,24.368763],[120.743674,24.369847],[120.743458,24.369599],[120.743277,24.370048],[120.743428,24.370277],[120.743325,24.370545],[120.742883,24.370852],[120.74294,24.370968],[120.742513,24.371402],[120.742275,24.370979],[120.74173,24.371275],[120.741832,24.371471],[120.742029,24.371327],[120.742102,24.371655],[120.740998,24.372207],[120.74076,24.371967],[120.740208,24.372282],[120.740327,24.372521],[120.740239,24.372978],[120.739906,24.373135],[120.740427,24.374175],[120.741111,24.37483],[120.741474,24.374344],[120.741586,24.375327],[120.742119,24.375736],[120.74237,24.376359],[120.742608,24.376503],[120.742499,24.376772],[120.741347,24.377788],[120.740819,24.377897],[120.740496,24.377792],[120.74004,24.377837],[120.741255,24.378948],[120.741934,24.378861],[120.741139,24.379118],[120.741191,24.380111],[120.74158,24.380582],[120.742778,24.380077],[120.744023,24.381891],[120.745214,24.38128]]]}},{"type":"Feature","properties":{"name":"裕隆智慧汽車綠能園產業園區","type":"報編產業園區","status":"已開發","manager":"興辦工業人","county":"苗栗縣","parkId":110},"geometry":{"type":"Polygon","coordinates":[[[120.751456,24.396344],[120.752651,24.395789],[120.75411,24.395446],[120.754764,24.395145],[120.756513,24.395446],[120.756873,24.395664],[120.758697,24.396016],[120.759333,24.395599],[120.75743,24.394333],[120.756309,24.392966],[120.755827,24.391915],[120.755723,24.390792],[120.755849,24.390773],[120.755832,24.390654],[120.755398,24.389529],[120.754723,24.3883],[120.753712,24.386997],[120.753468,24.38585],[120.749839,24.378681],[120.747955,24.379916],[120.747424,24.379554],[120.746692,24.380522],[120.74617,24.380784],[120.745982,24.381117],[120.745734,24.38101],[120.744023,24.381891],[120.742778,24.380077],[120.74158,24.380582],[120.741191,24.380111],[120.741139,24.379118],[120.741934,24.378861],[120.741255,24.378948],[120.74004,24.377837],[120.739319,24.37795],[120.739431,24.378603],[120.739616,24.378814],[120.739913,24.378884],[120.73994,24.379262],[120.739745,24.379389],[120.739801,24.379734],[120.739152,24.379648],[120.73834,24.380217],[120.738189,24.380573],[120.737912,24.380545],[120.737266,24.381018],[120.73753,24.381646],[120.73718,24.382429],[120.737296,24.382486],[120.737192,24.382567],[120.737245,24.382737],[120.737527,24.382522],[120.73775,24.382707],[120.738131,24.382768],[120.739091,24.381921],[120.739393,24.382021],[120.73914,24.382168],[120.738705,24.383548],[120.739079,24.384455],[120.739005,24.385431],[120.737997,24.385757],[120.737772,24.385599],[120.737507,24.385699],[120.736207,24.385341],[120.735747,24.385883],[120.735658,24.386288],[120.735806,24.386584],[120.736731,24.387292],[120.737328,24.387419],[120.737618,24.388385],[120.737509,24.388773],[120.738083,24.389748],[120.738587,24.38987],[120.738984,24.390181],[120.740114,24.392],[120.740789,24.392478],[120.74093,24.393006],[120.741459,24.393867],[120.74252,24.394394],[120.742663,24.394702],[120.742631,24.394407],[120.743093,24.394259],[120.743532,24.393705],[120.743634,24.393247],[120.744397,24.391783],[120.744699,24.391441],[120.745398,24.393547],[120.745851,24.393544],[120.74601,24.393775],[120.746031,24.393921],[120.745356,24.394162],[120.745491,24.394399],[120.745875,24.394427],[120.746287,24.395058],[120.746514,24.395043],[120.746701,24.395331],[120.746291,24.395694],[120.746228,24.395915],[120.745812,24.39597],[120.745528,24.396157],[120.745794,24.396233],[120.745958,24.396503],[120.745871,24.396591],[120.746606,24.396324],[120.747068,24.397642],[120.748123,24.397912],[120.74868,24.397868],[120.749197,24.397678],[120.749875,24.397079],[120.750238,24.396578],[120.751456,24.396344]]]}},{"type":"Feature","properties":{"name":"寶源機械園區\n(舊稱苗栗口公館段(寶源機械))","type":"報編產業園區","status":"已開發","manager":"興辦工業人","county":"苗栗縣","parkId":111},"geometry":{"type":"Polygon","coordinates":[[[120.909864,24.729177],[120.90966,24.729118],[120.909525,24.728815],[120.91028,24.728548],[120.910664,24.72884],[120.911471,24.728873],[120.911554,24.72868],[120.91214,24.728395],[120.912259,24.728444],[120.911879,24.728358],[120.911386,24.727537],[120.912044,24.727801],[120.912984,24.727764],[120.912953,24.727541],[120.912588,24.727248],[120.912848,24.726999],[120.912577,24.726644],[120.911877,24.72635],[120.91068,24.724143],[120.911626,24.724005],[120.912052,24.724184],[120.912445,24.724099],[120.912689,24.723604],[120.912635,24.723303],[120.911587,24.723437],[120.910888,24.723215],[120.910642,24.723283],[120.910312,24.723062],[120.910228,24.722718],[120.909722,24.722236],[120.909007,24.721904],[120.90826,24.721902],[120.907629,24.722223],[120.907576,24.722538],[120.906216,24.721914],[120.905957,24.722046],[120.906151,24.722274],[120.907016,24.722645],[120.907101,24.723068],[120.907919,24.722847],[120.907471,24.724264],[120.907766,24.72447],[120.907926,24.725352],[120.908378,24.726324],[120.908127,24.72688],[120.908126,24.727402],[120.908589,24.729174],[120.908851,24.729342],[120.908975,24.729009],[120.908898,24.728764],[120.909138,24.728696],[120.909333,24.729436],[120.909864,24.729177]]]}},{"type":"Feature","properties":{"name":"龍港智慧型工業園區","type":"報編產業園區","status":"已開發","manager":"興辦工業人","county":"苗栗縣","parkId":112},"geometry":{"type":"Polygon","coordinates":[[[120.724043,24.592368],[120.724048,24.592071],[120.724768,24.591961],[120.725751,24.591451],[120.726179,24.591021],[120.725986,24.590575],[120.72567,24.590371],[120.725141,24.589532],[120.725261,24.589484],[120.725239,24.589277],[120.725575,24.58925],[120.725049,24.58916],[120.725604,24.589092],[120.726149,24.588387],[120.726514,24.588605],[120.726563,24.588294],[120.726393,24.588226],[120.726502,24.588249],[120.726189,24.587647],[120.726292,24.58757],[120.725679,24.587697],[120.725151,24.587969],[120.724915,24.588227],[120.724922,24.588556],[120.724314,24.588498],[120.723862,24.587405],[120.722925,24.587347],[120.722305,24.587174],[120.721973,24.588129],[120.722471,24.588252],[120.722594,24.588144],[120.722869,24.588282],[120.722585,24.588451],[120.722751,24.588867],[120.723148,24.589119],[120.723623,24.589217],[120.723476,24.5896],[120.723134,24.589922],[120.721489,24.588334],[120.721377,24.588016],[120.720808,24.587545],[120.720153,24.58661],[120.719654,24.586337],[120.719768,24.58611],[120.719707,24.585861],[120.718906,24.585058],[120.719004,24.585059],[120.71892,24.584901],[120.719104,24.584881],[120.718024,24.584472],[120.717382,24.58446],[120.717792,24.585022],[120.717724,24.585951],[120.717214,24.585599],[120.716966,24.585778],[120.716367,24.585531],[120.716316,24.58568],[120.716886,24.585925],[120.716873,24.586163],[120.717191,24.586756],[120.716362,24.586988],[120.715884,24.586805],[120.715828,24.587257],[120.716318,24.587232],[120.716065,24.587428],[120.716075,24.587621],[120.716246,24.587738],[120.716617,24.587638],[120.716502,24.587774],[120.71672,24.58807],[120.71632,24.588279],[120.716161,24.588177],[120.716216,24.588439],[120.716883,24.588558],[120.716331,24.588558],[120.716344,24.588737],[120.717865,24.589323],[120.718425,24.589726],[120.718905,24.589801],[120.719436,24.590177],[120.720365,24.59156],[120.720421,24.591828],[120.720888,24.591596],[120.72092,24.591672],[120.721658,24.591208],[120.721824,24.591176],[120.722084,24.591675],[120.722805,24.59123],[120.722991,24.591625],[120.723188,24.591642],[120.722625,24.592069],[120.722982,24.592153],[120.723801,24.591721],[120.723947,24.592011],[120.723516,24.592261],[120.723759,24.592303],[120.723927,24.592552],[120.724043,24.592368]]]}},{"type":"Feature","properties":{"name":"公館子工業用地","type":"報編產業園區","status":"自行購地設廠","manager":"苗栗縣政府","county":"苗栗縣","parkId":113},"geometry":{"type":"Polygon","coordinates":[[[120.874867,24.665396],[120.875306,24.665225],[120.876322,24.665137],[120.876643,24.66497],[120.876911,24.665227],[120.877792,24.665289],[120.877709,24.664563],[120.877129,24.663651],[120.876297,24.662951],[120.87622,24.663013],[120.876373,24.663487],[120.875205,24.663953],[120.87406,24.662901],[120.874447,24.662515],[120.874227,24.662808],[120.874565,24.662462],[120.874814,24.662475],[120.875006,24.662285],[120.873812,24.661697],[120.873541,24.661763],[120.873077,24.661533],[120.873092,24.661377],[120.872331,24.660997],[120.872277,24.661383],[120.871589,24.662129],[120.87163,24.662341],[120.873634,24.664162],[120.87386,24.664748],[120.873695,24.664988],[120.874326,24.665659],[120.874867,24.665396]]]}},{"type":"Feature","properties":{"name":"西湖工業用地\n(二湖段工業用地)","type":"報編產業園區","status":"自行購地設廠","manager":"苗栗縣政府","county":"苗栗縣","parkId":114},"geometry":{"type":"Polygon","coordinates":[[[120.743748,24.573054],[120.743908,24.573028],[120.7445,24.572326],[120.744674,24.571748],[120.74526,24.570838],[120.745437,24.570314],[120.745323,24.569707],[120.744693,24.568555],[120.744706,24.567429],[120.744594,24.567076],[120.744824,24.56519],[120.745117,24.564688],[120.74325,24.565382],[120.741975,24.565579],[120.741314,24.565829],[120.739526,24.565747],[120.739375,24.566032],[120.738451,24.565853],[120.737358,24.56633],[120.736654,24.566151],[120.736612,24.565885],[120.736378,24.565891],[120.735687,24.565399],[120.734653,24.565266],[120.73495,24.566896],[120.734534,24.567769],[120.734597,24.567849],[120.736818,24.569654],[120.737686,24.569258],[120.738887,24.569302],[120.738759,24.569229],[120.738968,24.569216],[120.740003,24.569477],[120.740542,24.569988],[120.742152,24.572544],[120.743009,24.573092],[120.743552,24.573178],[120.743748,24.573054]]]}},{"type":"Feature","properties":{"name":"福安工業區","type":"報編產業園區","status":"已開發","manager":"興辦工業人","county":"苗栗縣","parkId":115},"geometry":{"type":"Polygon","coordinates":[[[120.818982,24.595741],[120.820664,24.595388],[120.821802,24.594971],[120.821165,24.591324],[120.820796,24.591369],[120.82073,24.59099],[120.820658,24.59055],[120.820987,24.590405],[120.820945,24.589872],[120.819481,24.59134],[120.819291,24.591292],[120.818361,24.592255],[120.817618,24.591567],[120.817739,24.591274],[120.817998,24.591188],[120.817437,24.591246],[120.816474,24.591708],[120.815431,24.591777],[120.815383,24.593131],[120.81563,24.593163],[120.815463,24.593309],[120.815738,24.593897],[120.81566,24.594042],[120.815811,24.594068],[120.8165,24.595506],[120.816911,24.59581],[120.81735,24.595938],[120.818982,24.595741]]]}},{"type":"Feature","properties":{"name":"通灣段及北勢窩段山坡地產業園區","type":"報編產業園區","status":"編定中","manager":"公民營事業","county":"苗栗縣","parkId":116},"geometry":{"type":"Polygon","coordinates":[[[120.692345,24.514348],[120.693048,24.514199],[120.695222,24.514171],[120.695262,24.514058],[120.696238,24.513632],[120.695241,24.511677],[120.694956,24.511857],[120.694708,24.511759],[120.694497,24.511622],[120.694244,24.511166],[120.693109,24.511797],[120.691695,24.512359],[120.691569,24.512451],[120.69183,24.513013],[120.691551,24.513115],[120.691638,24.513277],[120.691087,24.513439],[120.690982,24.51336],[120.691053,24.513653],[120.691718,24.513445],[120.692345,24.514348]]]}},{"type":"Feature","properties":{"name":"高雄市岡山本洲產業園區","type":"報編產業園區","status":"已開發","manager":"高雄市政府","county":"高雄市","parkId":117},"geometry":{"type":"Polygon","coordinates":[[[120.268177,22.81844],[120.268416,22.81841],[120.268385,22.818128],[120.27001,22.817944],[120.270007,22.817579],[120.270212,22.817569],[120.270262,22.817851],[120.270598,22.817833],[120.270655,22.817954],[120.271384,22.81777],[120.271447,22.816639],[120.272314,22.81658],[120.274038,22.816702],[120.275831,22.815096],[120.276275,22.813377],[120.275569,22.813098],[120.275955,22.808895],[120.275869,22.805623],[120.276393,22.805413],[120.275869,22.805518],[120.275965,22.805363],[120.27569,22.805344],[120.275765,22.80436],[120.275294,22.804397],[120.275242,22.804607],[120.274993,22.804583],[120.274598,22.804884],[120.274446,22.804866],[120.274438,22.804589],[120.274751,22.804139],[120.27558,22.804068],[120.275675,22.803791],[120.273172,22.803253],[120.273035,22.80359],[120.272248,22.803459],[120.272462,22.802916],[120.271915,22.80256],[120.271456,22.802514],[120.271187,22.803161],[120.270362,22.802871],[120.27004,22.803151],[120.269799,22.803083],[120.269283,22.803571],[120.270097,22.803652],[120.2702,22.803866],[120.269903,22.803873],[120.268397,22.804634],[120.268205,22.804566],[120.268195,22.804852],[120.267438,22.804992],[120.265729,22.805626],[120.265646,22.805718],[120.265847,22.807016],[120.263006,22.807439],[120.262852,22.807861],[120.261854,22.807994],[120.261861,22.80791],[120.261643,22.808025],[120.261427,22.809249],[120.261266,22.809007],[120.260773,22.809896],[120.260479,22.810217],[120.260313,22.810162],[120.26023,22.810303],[120.260442,22.810741],[120.26039,22.810966],[120.260605,22.811039],[120.26098,22.810571],[120.262763,22.811655],[120.262465,22.812163],[120.262615,22.812262],[120.260253,22.816128],[120.261096,22.816485],[120.262205,22.817175],[120.26312,22.816976],[120.264,22.816597],[120.264939,22.818333],[120.266214,22.818438],[120.266353,22.81833],[120.267299,22.818272],[120.26738,22.819153],[120.268239,22.818624],[120.268177,22.81844]]]}},{"type":"Feature","properties":{"name":"高雄前鋒子段","type":"報編產業園區","status":"已開發","manager":"興辦工業人","county":"高雄市","parkId":118},"geometry":{"type":"Polygon","coordinates":[[[120.300143,22.835567],[120.300279,22.835845],[120.300442,22.835819],[120.302706,22.834574],[120.303338,22.833611],[120.302949,22.83321],[120.302593,22.832165],[120.302245,22.829662],[120.305644,22.829214],[120.305771,22.828686],[120.30548,22.828285],[120.302023,22.828813],[120.302315,22.826575],[120.301055,22.82656],[120.301316,22.825463],[120.299462,22.825103],[120.29964,22.824661],[120.298739,22.824882],[120.298236,22.826002],[120.29889,22.826315],[120.298367,22.827483],[120.299488,22.827796],[120.299088,22.828705],[120.299041,22.829125],[120.29707,22.829342],[120.298569,22.830338],[120.299045,22.832595],[120.298883,22.832807],[120.298926,22.833039],[120.295186,22.834881],[120.295832,22.836894],[120.300143,22.835567]]]}},{"type":"Feature","properties":{"name":"高雄台上段","type":"報編產業園區","status":"已開發","manager":"興辦工業人","county":"高雄市","parkId":119},"geometry":{"type":"Polygon","coordinates":[[[120.285864,22.821372],[120.288263,22.817635],[120.28773,22.817449],[120.286002,22.817863],[120.285363,22.817801],[120.285403,22.817586],[120.284131,22.817298],[120.284631,22.817525],[120.284076,22.817462],[120.283877,22.817578],[120.283866,22.818779],[120.284014,22.819772],[120.284257,22.820452],[120.284324,22.821264],[120.285864,22.821372]]]}},{"type":"Feature","properties":{"name":"路竹工業用地","type":"報編產業園區","status":"自行購地設廠","manager":"高雄市政府","county":"高雄市","parkId":120},"geometry":{"type":"Polygon","coordinates":[[[120.241902,22.837655],[120.242185,22.837517],[120.243007,22.837964],[120.243099,22.837884],[120.243943,22.834958],[120.243452,22.833392],[120.243146,22.83284],[120.243088,22.831912],[120.241836,22.831684],[120.24164,22.832284],[120.241008,22.832171],[120.240761,22.832976],[120.240782,22.833536],[120.240188,22.834388],[120.240708,22.834803],[120.240243,22.835699],[120.239224,22.835388],[120.238883,22.837976],[120.240239,22.839271],[120.241902,22.837655]]]}},{"type":"Feature","properties":{"name":"橋頭工業用地","type":"報編產業園區","status":"自行購地設廠","manager":"高雄市政府","county":"高雄市","parkId":121},"geometry":{"type":"MultiPolygon","coordinates":[[[[120.277446,22.762324],[120.277428,22.762327],[120.27743,22.762342],[120.277446,22.762324]]],[[[120.278466,22.767303],[120.278744,22.767283],[120.278934,22.767015],[120.279229,22.767025],[120.279512,22.766781],[120.279592,22.766027],[120.279733,22.765838],[120.280354,22.765705],[120.281185,22.766053],[120.281617,22.765623],[120.282704,22.765032],[120.282803,22.765032],[120.282599,22.76512],[120.282722,22.766067],[120.283185,22.765994],[120.283259,22.766426],[120.283895,22.76631],[120.28394,22.766209],[120.285314,22.766396],[120.285563,22.766289],[120.285661,22.766035],[120.287045,22.765938],[120.28749,22.764485],[120.287276,22.764385],[120.286155,22.764435],[120.28533,22.764174],[120.284835,22.76385],[120.279096,22.764632],[120.279088,22.763932],[120.277264,22.76374],[120.277412,22.76233],[120.276124,22.762457],[120.275915,22.763403],[120.274721,22.763166],[120.274525,22.763511],[120.274551,22.763655],[120.274721,22.76366],[120.274658,22.764405],[120.274801,22.764625],[120.275134,22.764649],[120.275185,22.765403],[120.27513,22.765804],[120.274674,22.766313],[120.274668,22.766852],[120.275973,22.767795],[120.276484,22.767976],[120.27768,22.767748],[120.278466,22.767303]]]]}},{"type":"Feature","properties":{"name":"燕巢工業用地","type":"報編產業園區","status":"自行購地設廠","manager":"高雄市政府","county":"高雄市","parkId":122},"geometry":{"type":"Polygon","coordinates":[[[120.349856,22.78053],[120.350052,22.780372],[120.350534,22.780498],[120.350808,22.780187],[120.350653,22.779312],[120.350131,22.779229],[120.349769,22.779326],[120.34867,22.778056],[120.34777,22.777704],[120.347857,22.777501],[120.34757,22.777166],[120.347944,22.776832],[120.347877,22.776645],[120.347482,22.776074],[120.346982,22.77589],[120.346821,22.775221],[120.347246,22.774081],[120.346641,22.773921],[120.346075,22.772303],[120.345893,22.772084],[120.345764,22.771326],[120.346071,22.771206],[120.346188,22.770788],[120.345571,22.770671],[120.345593,22.770529],[120.344877,22.770294],[120.343514,22.77309],[120.344456,22.777393],[120.345931,22.778377],[120.346246,22.778464],[120.346105,22.778119],[120.34614,22.777797],[120.346352,22.777756],[120.347796,22.778458],[120.347946,22.778661],[120.347955,22.779355],[120.348293,22.779772],[120.348283,22.780433],[120.348582,22.780692],[120.349704,22.780748],[120.349856,22.78053]]]}},{"type":"Feature","properties":{"name":"南六企業不織布產業園區","type":"報編產業園區","status":"開發中","manager":"興辦工業人","county":"高雄市","parkId":123},"geometry":{"type":"Polygon","coordinates":[[[120.3457,22.780179],[120.344926,22.779898],[120.344282,22.779866],[120.342817,22.783124],[120.344496,22.783676],[120.34535,22.781783],[120.3457,22.780179]]]}},{"type":"Feature","properties":{"name":"英鈿工業產業園區","type":"報編產業園區","status":"開發中","manager":"興辦工業人","county":"高雄市","parkId":124},"geometry":{"type":"Polygon","coordinates":[[[120.297933,22.881641],[120.297654,22.878427],[120.296066,22.878554],[120.296262,22.881755],[120.297933,22.881641]]]}},{"type":"Feature","properties":{"name":"慈陽科技工業產業園區","type":"報編產業園區","status":"開發中","manager":"興辦工業人","county":"高雄市","parkId":125},"geometry":{"type":"Polygon","coordinates":[[[120.292191,22.879333],[120.29218,22.87884],[120.289522,22.879028],[120.289651,22.882282],[120.292298,22.882084],[120.292191,22.879333]]]}},{"type":"Feature","properties":{"name":"誠毅紙器工業園區","type":"報編產業園區","status":"開發中","manager":"興辦工業人","county":"高雄市","parkId":126},"geometry":{"type":"MultiPolygon","coordinates":[[[[120.236607,22.822604],[120.237656,22.819936],[120.237361,22.819769],[120.23708,22.819832],[120.23695,22.819603],[120.236168,22.819382],[120.233802,22.818892],[120.233209,22.818806],[120.230947,22.820622],[120.230276,22.821311],[120.236292,22.823145],[120.236607,22.822604]]],[[[120.233276,22.822381],[120.232107,22.822054],[120.231423,22.822798],[120.231054,22.823723],[120.232367,22.824073],[120.232731,22.823149],[120.233406,22.822416],[120.233276,22.822381]]]]}},{"type":"Feature","properties":{"name":"永新工業區","type":"報編產業園區","status":"開發中","manager":"興辦工業人","county":"高雄市","parkId":127},"geometry":{"type":"Polygon","coordinates":[[[120.303338,22.833611],[120.307561,22.827478],[120.306332,22.827837],[120.306254,22.828118],[120.3057,22.828311],[120.30577,22.828856],[120.305674,22.82921],[120.302245,22.829662],[120.302593,22.832165],[120.302949,22.83321],[120.303338,22.833611]]]}},{"type":"Feature","properties":{"name":"大德工業區","type":"報編產業園區","status":"已開發","manager":"興辦工業人","county":"高雄市","parkId":128},"geometry":{"type":"Polygon","coordinates":[[[120.31348,22.80719],[120.313675,22.806772],[120.315416,22.806784],[120.315628,22.805953],[120.315499,22.805928],[120.315793,22.805085],[120.31563,22.805002],[120.315789,22.805],[120.316017,22.804186],[120.315589,22.803887],[120.315776,22.803353],[120.315677,22.803153],[120.316009,22.80308],[120.315933,22.802856],[120.316333,22.801367],[120.315454,22.801086],[120.315422,22.801175],[120.31475,22.801049],[120.315265,22.799771],[120.315048,22.799665],[120.314539,22.801074],[120.313756,22.80086],[120.313615,22.801962],[120.313086,22.801713],[120.312115,22.801524],[120.311927,22.80131],[120.311896,22.801432],[120.311692,22.804291],[120.311775,22.804186],[120.31386,22.804186],[120.313735,22.806043],[120.31365,22.80605],[120.31348,22.80719]]]}},{"type":"Feature","properties":{"name":"中鋼結構燕巢工業區","type":"報編產業園區","status":"開發中","manager":"興辦工業人","county":"高雄市","parkId":129},"geometry":{"type":"Polygon","coordinates":[[[120.355433,22.784433],[120.3555,22.784264],[120.355657,22.784281],[120.355881,22.78338],[120.35544,22.783191],[120.355578,22.782963],[120.355374,22.782992],[120.355019,22.782707],[120.355282,22.782771],[120.355606,22.782501],[120.356055,22.78268],[120.356159,22.782259],[120.361352,22.781469],[120.360896,22.778696],[120.357974,22.779071],[120.357003,22.776734],[120.356517,22.774668],[120.356379,22.774813],[120.355212,22.775043],[120.355397,22.775426],[120.355134,22.77541],[120.355047,22.775169],[120.354434,22.775205],[120.354134,22.775361],[120.353905,22.775279],[120.355348,22.779355],[120.35391,22.779887],[120.350809,22.780566],[120.350586,22.780792],[120.350618,22.780913],[120.350866,22.78088],[120.351287,22.781164],[120.351726,22.781725],[120.352629,22.781106],[120.352956,22.781312],[120.352968,22.781692],[120.353148,22.781968],[120.353046,22.782132],[120.352696,22.782468],[120.352569,22.782351],[120.352373,22.78239],[120.352284,22.782262],[120.352365,22.782149],[120.352117,22.782042],[120.352005,22.782246],[120.352066,22.782669],[120.352172,22.782753],[120.352463,22.782587],[120.352798,22.783111],[120.353096,22.782963],[120.353541,22.78339],[120.353874,22.783406],[120.35413,22.783643],[120.354374,22.783678],[120.354294,22.783821],[120.354465,22.784112],[120.355134,22.784255],[120.355186,22.784608],[120.355383,22.784706],[120.355433,22.784433]]]}},{"type":"Feature","properties":{"name":"油機公司申編工業區","type":"報編產業園區","status":"已開發","manager":"興辦工業人","county":"高雄市","parkId":130},"geometry":{"type":"Polygon","coordinates":[[[120.282933,22.8832],[120.283611,22.882943],[120.283836,22.883025],[120.283531,22.879452],[120.281839,22.879567],[120.281846,22.879675],[120.281282,22.879945],[120.280075,22.881335],[120.280291,22.881601],[120.280107,22.882123],[120.279225,22.882235],[120.278595,22.882093],[120.279458,22.883332],[120.280213,22.883181],[120.281299,22.883669],[120.282094,22.883707],[120.282779,22.883413],[120.282933,22.8832]]]}},{"type":"Feature","properties":{"name":"芳生螺絲高雄二廠報編工業區","type":"報編產業園區","status":"已開發","manager":"興辦工業人","county":"高雄市","parkId":131},"geometry":{"type":"Polygon","coordinates":[[[120.264124,22.819353],[120.26466,22.819282],[120.26467,22.818992],[120.26493,22.818813],[120.264884,22.818398],[120.264968,22.818386],[120.264,22.816597],[120.262616,22.817127],[120.262554,22.818526],[120.26276,22.819535],[120.264124,22.819353]]]}},{"type":"Feature","properties":{"name":"天聲工業產業園區","type":"報編產業園區","status":"已開發","manager":"興辦工業人","county":"高雄市","parkId":132},"geometry":{"type":"Polygon","coordinates":[[[120.302215,22.880211],[120.304761,22.879994],[120.304186,22.879792],[120.30415,22.879511],[120.30435,22.879328],[120.304206,22.878985],[120.303952,22.87885],[120.303242,22.879043],[120.302555,22.878889],[120.301431,22.878872],[120.301381,22.877879],[120.29932,22.878236],[120.299442,22.880428],[120.302215,22.880211]]]}},{"type":"Feature","properties":{"name":"震南鐵線產業園區","type":"報編產業園區","status":"開發中","manager":"興辦工業人","county":"高雄市","parkId":133},"geometry":{"type":"Polygon","coordinates":[[[120.295987,22.878582],[120.292333,22.878829],[120.292428,22.881999],[120.296245,22.881806],[120.295987,22.878582]]]}},{"type":"Feature","properties":{"name":"安南段正隆紙器","type":"報編產業園區","status":"已編定未開發","manager":"興辦工業人","county":"高雄市","parkId":134},"geometry":{"type":"Polygon","coordinates":[[[120.355092,22.7865],[120.355389,22.785274],[120.354499,22.785356],[120.353353,22.78518],[120.3531,22.784965],[120.352839,22.784996],[120.35189,22.783963],[120.350539,22.782814],[120.349484,22.784974],[120.352159,22.785702],[120.352202,22.785566],[120.35324,22.785838],[120.353194,22.785984],[120.355092,22.7865]]]}},{"type":"Feature","properties":{"name":"高雄市林園高值化產業園區","type":"編定產業園區","status":"編定中","manager":"經濟部產業園區管理局","county":"高雄市","parkId":135},"geometry":{"type":"MultiPolygon","coordinates":[[[[120.405561,22.497517],[120.405199,22.497378],[120.405101,22.497582],[120.404876,22.497596],[120.40464,22.49798],[120.404641,22.498264],[120.405158,22.49839],[120.405561,22.497517]]],[[[120.404904,22.499047],[120.40513,22.49853],[120.404763,22.498369],[120.403819,22.498409],[120.404093,22.498817],[120.404464,22.498809],[120.404904,22.499047]]],[[[120.405522,22.499261],[120.406142,22.499043],[120.405919,22.49819],[120.405485,22.498029],[120.404881,22.49941],[120.405522,22.499261]]],[[[120.404089,22.499776],[120.404678,22.499562],[120.404834,22.499209],[120.404411,22.498869],[120.403791,22.498929],[120.403768,22.49979],[120.404089,22.499776]]],[[[120.405776,22.500259],[120.406596,22.499949],[120.406372,22.499363],[120.405059,22.499819],[120.405355,22.50042],[120.405776,22.500259]]]]}},{"type":"Feature","properties":{"name":"和發產業園區","type":"報編產業園區","status":"開發中","manager":"高雄市政府","county":"高雄市","parkId":136},"geometry":{"type":"MultiPolygon","coordinates":[[[[120.434575,22.59958],[120.435863,22.593135],[120.435769,22.592996],[120.430662,22.592415],[120.424729,22.592269],[120.422929,22.591967],[120.424827,22.593986],[120.425448,22.595059],[120.426155,22.595831],[120.42629,22.597448],[120.427817,22.595411],[120.430571,22.595461],[120.430627,22.59775],[120.430258,22.597992],[120.430198,22.59817],[120.431393,22.598422],[120.432066,22.598365],[120.432015,22.597769],[120.433707,22.597914],[120.433628,22.599567],[120.43451,22.599685],[120.434575,22.59958]]],[[[120.426841,22.615772],[120.426919,22.615369],[120.431301,22.616459],[120.432539,22.61024],[120.431985,22.610142],[120.432003,22.610051],[120.431946,22.610135],[120.431156,22.609967],[120.431605,22.607515],[120.430882,22.607389],[120.431444,22.604446],[120.425044,22.606993],[120.424825,22.607979],[120.424099,22.608845],[120.424468,22.608947],[120.423687,22.610498],[120.424537,22.610224],[120.424926,22.611181],[120.42487,22.611391],[120.423603,22.611957],[120.423627,22.612455],[120.423125,22.612479],[120.423779,22.615342],[120.424462,22.616608],[120.426563,22.616962],[120.426841,22.615772]]]]}},{"type":"Feature","properties":{"name":"仁武產業園區","type":"報編產業園區","status":"編定中","manager":"高雄市政府","county":"高雄市","parkId":137},"geometry":{"type":"Polygon","coordinates":[[[120.365594,22.702258],[120.36884,22.701517],[120.368566,22.700862],[120.367956,22.70083],[120.367656,22.700362],[120.367371,22.700195],[120.367472,22.699598],[120.367228,22.698828],[120.367007,22.698593],[120.367279,22.698166],[120.367325,22.69786],[120.367161,22.697225],[120.367372,22.696997],[120.367288,22.696857],[120.366648,22.696497],[120.365104,22.694785],[120.363944,22.694548],[120.362528,22.694573],[120.362217,22.694093],[120.361449,22.693571],[120.361053,22.692632],[120.360816,22.692611],[120.360036,22.692985],[120.359489,22.692858],[120.359607,22.693014],[120.360015,22.693067],[120.360197,22.693466],[120.360344,22.693194],[120.36117,22.693171],[120.361078,22.693414],[120.361225,22.693508],[120.361289,22.694032],[120.358443,22.694553],[120.360196,22.702757],[120.360615,22.703132],[120.361244,22.703243],[120.365594,22.702258]]]}},{"type":"Feature","properties":{"name":"大井泵浦工業股份有限公司產業園區","type":"報編產業園區","status":"編定中","manager":"興辦工業人","county":"高雄市","parkId":138},"geometry":{"type":"Polygon","coordinates":[[[120.299791,22.881574],[120.299684,22.88041],[120.299442,22.880428],[120.29925,22.878262],[120.297654,22.878427],[120.297933,22.881641],[120.299791,22.881574]]]}},{"type":"Feature","properties":{"name":"裕鐵企業股份有限公司路竹產業園區","type":"報編產業園區","status":"編定中","manager":"興辦工業人","county":"高雄市","parkId":139},"geometry":{"type":"Polygon","coordinates":[[[120.289143,22.840345],[120.290458,22.839225],[120.290705,22.839351],[120.291085,22.838566],[120.292094,22.839133],[120.292014,22.839266],[120.293822,22.838816],[120.293449,22.838267],[120.293352,22.83744],[120.292711,22.837046],[120.292216,22.836952],[120.291645,22.835486],[120.289466,22.836117],[120.289429,22.836346],[120.288899,22.836387],[120.288981,22.83711],[120.28812,22.83735],[120.288075,22.837691],[120.288319,22.838906],[120.289073,22.840394],[120.289143,22.840345]]]}},{"type":"Feature","properties":{"name":"嘉義縣水產精品加值產業園區","type":"報編產業園區","status":"開發中","manager":"嘉義縣政府","county":"嘉義縣","parkId":140},"geometry":{"type":"Polygon","coordinates":[[[120.171722,23.319004],[120.172745,23.317266],[120.172146,23.31675],[120.171532,23.315673],[120.169252,23.318189],[120.170137,23.320424],[120.170342,23.320684],[120.171722,23.319004]]]}},{"type":"Feature","properties":{"name":"永隆工業區","type":"報編產業園區","status":"開發中","manager":"興辦工業人","county":"臺中市","parkId":141},"geometry":{"type":"Polygon","coordinates":[[[120.724891,24.10111],[120.723784,24.099727],[120.722596,24.100257],[120.721887,24.099304],[120.721296,24.09963],[120.721952,24.100813],[120.722036,24.100758],[120.72321,24.102181],[120.724891,24.10111]]]}},{"type":"Feature","properties":{"name":"中埔產業園區","type":"編定產業園區","status":"開發中","manager":"經濟部產業園區管理局","county":"嘉義縣","parkId":142},"geometry":{"type":"Polygon","coordinates":[[[120.451711,23.443992],[120.451262,23.443551],[120.450966,23.442257],[120.451707,23.441974],[120.451639,23.441486],[120.451723,23.441329],[120.451251,23.440794],[120.451384,23.440531],[120.451046,23.439777],[120.451085,23.439351],[120.450524,23.43904],[120.449758,23.438021],[120.449264,23.438232],[120.448977,23.437993],[120.448691,23.437449],[120.448819,23.437233],[120.448932,23.437427],[120.449212,23.437208],[120.448896,23.437059],[120.448714,23.436749],[120.447896,23.436525],[120.447693,23.435609],[120.44742,23.435165],[120.445162,23.438081],[120.442289,23.436221],[120.443399,23.434814],[120.441861,23.433164],[120.441474,23.431883],[120.439947,23.432189],[120.439371,23.432779],[120.438787,23.433066],[120.439099,23.434251],[120.439047,23.434973],[120.439671,23.436836],[120.439415,23.438551],[120.439706,23.439244],[120.442209,23.439606],[120.444445,23.440243],[120.44942,23.442584],[120.450964,23.443619],[120.451146,23.443633],[120.451104,23.44373],[120.45132,23.443899],[120.451711,23.443992]]]}},{"type":"Feature","properties":{"name":"新市產業園區","type":"編定產業園區","status":"開發中","manager":"經濟部產業園區管理局","county":"臺南市","parkId":143},"geometry":{"type":"MultiPolygon","coordinates":[[[[120.318843,23.064033],[120.319458,23.064029],[120.319733,23.064186],[120.319911,23.063699],[120.319768,23.063698],[120.320661,23.063614],[120.320597,23.061464],[120.319723,23.061505],[120.319674,23.060567],[120.318661,23.060612],[120.318631,23.06004],[120.318254,23.060045],[120.317705,23.059685],[120.317221,23.059792],[120.317163,23.058685],[120.315296,23.058767],[120.315243,23.057818],[120.311929,23.057967],[120.311637,23.05734],[120.311381,23.057444],[120.311162,23.057351],[120.312719,23.060918],[120.311771,23.06209],[120.31341,23.062838],[120.315553,23.063584],[120.318045,23.064026],[120.318843,23.064033]]],[[[120.315205,23.064115],[120.312538,23.06303],[120.310848,23.064789],[120.310047,23.064228],[120.307378,23.067348],[120.310601,23.069689],[120.315205,23.064115]]]]}},{"type":"Feature","properties":{"name":"北高雄產業園區","type":"編定產業園區","status":"開發中","manager":"經濟部產業園區管理局","county":"高雄市","parkId":144},"geometry":{"type":"Polygon","coordinates":[[[120.323054,22.839212],[120.323559,22.839329],[120.324096,22.839283],[120.324854,22.838801],[120.324198,22.836338],[120.322657,22.832635],[120.322493,22.829242],[120.315552,22.829935],[120.315611,22.830524],[120.314555,22.830949],[120.314745,22.831285],[120.314775,22.831124],[120.31568,22.830728],[120.316011,22.830036],[120.317127,22.829909],[120.316591,22.831948],[120.315196,22.832055],[120.315444,22.832519],[120.315559,22.832323],[120.316461,22.832233],[120.316351,22.832867],[120.321058,22.832884],[120.320931,22.834066],[120.321107,22.834046],[120.321096,22.835142],[120.32182,22.835266],[120.321851,22.835614],[120.321844,22.835936],[120.321145,22.835782],[120.32104,22.835916],[120.321722,22.836067],[120.321916,22.837029],[120.321056,22.837307],[120.321228,22.838336],[120.32149,22.83832],[120.321629,22.839073],[120.321817,22.839089],[120.321431,22.839312],[120.321453,22.8394],[120.322041,22.839907],[120.323054,22.839212]]]}},{"type":"Feature","properties":{"name":"水上產業園區","type":"編定產業園區","status":"開發中","manager":"經濟部產業園區管理局","county":"嘉義縣","parkId":145},"geometry":{"type":"Polygon","coordinates":[[[120.376787,23.408347],[120.376675,23.409616],[120.378019,23.409541],[120.380967,23.410018],[120.381765,23.409844],[120.383204,23.410213],[120.383838,23.410165],[120.38301,23.407269],[120.376939,23.40661],[120.371314,23.405718],[120.368943,23.405515],[120.361697,23.404557],[120.361801,23.405149],[120.361707,23.406529],[120.361783,23.407471],[120.362397,23.407484],[120.362381,23.409902],[120.362563,23.409973],[120.366345,23.410906],[120.36635,23.410227],[120.368677,23.410529],[120.369201,23.407379],[120.376787,23.408347]]]}},{"type":"Feature","properties":{"name":"台中產業園區","type":"編定產業園區","status":"已開發","manager":"經濟部產業園區管理局","county":"臺中市","parkId":146},"geometry":{"type":"Polygon","coordinates":[[[120.612368,24.159597],[120.611376,24.158587],[120.611153,24.158743],[120.610912,24.158698],[120.611034,24.158005],[120.610517,24.156918],[120.610077,24.15504],[120.609543,24.155184],[120.609315,24.15369],[120.607462,24.153407],[120.60663,24.153501],[120.605573,24.153286],[120.605195,24.153417],[120.604641,24.153729],[120.603889,24.154642],[120.603492,24.154789],[120.60334,24.155527],[120.602453,24.156835],[120.602509,24.158122],[120.602388,24.158304],[120.601608,24.158557],[120.600969,24.159283],[120.601106,24.159336],[120.601101,24.159741],[120.600746,24.159848],[120.600709,24.160542],[120.600846,24.160931],[120.600419,24.161643],[120.599777,24.16194],[120.599358,24.162312],[120.599322,24.162523],[120.598586,24.162855],[120.597015,24.163277],[120.594713,24.163489],[120.594068,24.163674],[120.592999,24.164124],[120.591033,24.165376],[120.589027,24.16609],[120.587623,24.166799],[120.586904,24.166991],[120.587575,24.167856],[120.587596,24.168872],[120.587744,24.169536],[120.587492,24.170779],[120.584748,24.171883],[120.583553,24.171976],[120.583095,24.173204],[120.583147,24.17341],[120.585831,24.17648],[120.587276,24.177728],[120.588853,24.178172],[120.588916,24.178351],[120.589294,24.178424],[120.589952,24.17894],[120.592207,24.179952],[120.593497,24.180954],[120.594485,24.179862],[120.595057,24.179624],[120.595441,24.179003],[120.595474,24.17847],[120.59622,24.178355],[120.597834,24.177093],[120.599921,24.177041],[120.601328,24.176795],[120.603474,24.17604],[120.605018,24.17497],[120.605939,24.174665],[120.606837,24.174504],[120.608492,24.174578],[120.608448,24.174439],[120.610288,24.174648],[120.611504,24.173502],[120.613376,24.172599],[120.613563,24.172845],[120.614266,24.17217],[120.615574,24.171259],[120.616332,24.171028],[120.614683,24.169666],[120.614363,24.169064],[120.613253,24.168353],[120.612995,24.167946],[120.612799,24.166466],[120.61231,24.164678],[120.612065,24.164388],[120.612014,24.164083],[120.612988,24.16283],[120.613016,24.162245],[120.613188,24.161967],[120.612905,24.160754],[120.612368,24.159597]]]}},{"type":"Feature","properties":{"name":"台中港關連產業園區","type":"編定產業園區","status":"已開發","manager":"經濟部產業園區管理局","county":"臺中市","parkId":147},"geometry":{"type":"Polygon","coordinates":[[[120.526302,24.244192],[120.530173,24.243602],[120.533455,24.242772],[120.528006,24.230047],[120.516142,24.233467],[120.521072,24.245001],[120.526302,24.244192]]]}},{"type":"Feature","properties":{"name":"安平產業園區","type":"編定產業園區","status":"已開發","manager":"經濟部產業園區管理局","county":"臺南市","parkId":148},"geometry":{"type":"Polygon","coordinates":[[[120.185396,22.980815],[120.18458,22.978523],[120.183642,22.973344],[120.183669,22.963242],[120.176436,22.963029],[120.176022,22.96315],[120.173997,22.966601],[120.172109,22.969076],[120.175397,22.970728],[120.177413,22.979615],[120.180414,22.981566],[120.185396,22.980815]]]}},{"type":"Feature","properties":{"name":"永康產業園區","type":"編定產業園區","status":"已開發","manager":"經濟部產業園區管理局","county":"臺南市","parkId":149},"geometry":{"type":"Polygon","coordinates":[[[120.271766,23.053096],[120.275838,23.051084],[120.27594,23.050425],[120.27584,23.050315],[120.27591,23.049763],[120.276068,23.049718],[120.276025,23.049478],[120.274417,23.045206],[120.268282,23.040774],[120.265378,23.04811],[120.271644,23.053204],[120.271766,23.053096]]]}},{"type":"Feature","properties":{"name":"台南科技產業園區","type":"編定產業園區","status":"開發中","manager":"經濟部產業園區管理局","county":"臺南市","parkId":150},"geometry":{"type":"Polygon","coordinates":[[[120.152559,23.044631],[120.157661,23.040896],[120.161062,23.036874],[120.161065,23.032691],[120.160151,23.031324],[120.159533,23.03069],[120.158746,23.03008],[120.157258,23.029404],[120.15683,23.029036],[120.152749,23.031236],[120.15207,23.032181],[120.151734,23.033133],[120.151447,23.03539],[120.14761,23.032804],[120.146098,23.032031],[120.144706,23.031585],[120.134654,23.029242],[120.133801,23.02879],[120.133215,23.028026],[120.132566,23.028424],[120.132563,23.027968],[120.125699,23.032934],[120.125861,23.033151],[120.12575,23.033197],[120.127382,23.035754],[120.127903,23.036243],[120.128653,23.03573],[120.130296,23.03762],[120.129749,23.038081],[120.131105,23.040295],[120.132112,23.041635],[120.135192,23.046751],[120.140031,23.043211],[120.145591,23.049664],[120.152559,23.044631]]]}},{"type":"Feature","properties":{"name":"新營產業園區","type":"編定產業園區","status":"已開發","manager":"經濟部產業園區管理局","county":"臺南市","parkId":151},"geometry":{"type":"Polygon","coordinates":[[[120.276627,23.310385],[120.282916,23.309475],[120.283288,23.307719],[120.282901,23.307708],[120.282898,23.30756],[120.283384,23.306621],[120.283592,23.305513],[120.286116,23.305392],[120.286331,23.303288],[120.283639,23.299738],[120.273396,23.300301],[120.273025,23.303333],[120.271745,23.309057],[120.27185,23.309121],[120.271963,23.308663],[120.273227,23.308721],[120.275737,23.307877],[120.276672,23.307798],[120.276801,23.308747],[120.276405,23.310386],[120.276627,23.310385]]]}},{"type":"Feature","properties":{"name":"內埔產業園區","type":"編定產業園區","status":"已開發","manager":"經濟部產業園區管理局","county":"屏東縣","parkId":152},"geometry":{"type":"Polygon","coordinates":[[[120.546076,22.636723],[120.547809,22.638767],[120.547933,22.639053],[120.546158,22.636971],[120.546076,22.636723],[120.545496,22.636896],[120.544872,22.636909],[120.544057,22.636129],[120.543881,22.636247],[120.543023,22.635373],[120.5421,22.635012],[120.541747,22.635156],[120.541463,22.634705],[120.541398,22.63503],[120.541173,22.634948],[120.540899,22.635193],[120.53925,22.637024],[120.541168,22.638477],[120.545963,22.644359],[120.546867,22.64439],[120.547633,22.645315],[120.54778,22.645293],[120.547863,22.645437],[120.548805,22.645022],[120.551149,22.648292],[120.553244,22.650065],[120.553702,22.649761],[120.554531,22.650504],[120.555113,22.650473],[120.555705,22.650607],[120.555997,22.650813],[120.556358,22.650641],[120.556815,22.649945],[120.555751,22.647748],[120.555821,22.647112],[120.555324,22.647147],[120.555021,22.646955],[120.554396,22.645779],[120.554228,22.645087],[120.553794,22.644237],[120.552609,22.643128],[120.552604,22.642772],[120.55236,22.642532],[120.552161,22.642546],[120.550537,22.640907],[120.549229,22.640195],[120.548274,22.639508],[120.547818,22.63873],[120.546076,22.636723]]]}},{"type":"Feature","properties":{"name":"屏東產業園區","type":"編定產業園區","status":"已開發","manager":"經濟部產業園區管理局","county":"屏東縣","parkId":153},"geometry":{"type":"Polygon","coordinates":[[[120.500956,22.662897],[120.501646,22.662708],[120.503797,22.662486],[120.503861,22.66076],[120.504531,22.660627],[120.506349,22.660604],[120.506246,22.660374],[120.506059,22.660036],[120.505408,22.659792],[120.494413,22.652901],[120.495668,22.656613],[120.4962,22.657043],[120.495818,22.657557],[120.498198,22.659263],[120.497411,22.660548],[120.497596,22.660653],[120.495991,22.663088],[120.497254,22.663813],[120.496702,22.664675],[120.496945,22.664912],[120.498608,22.665575],[120.499742,22.664899],[120.500956,22.662897]]]}},{"type":"Feature","properties":{"name":"芳苑產業園區","type":"編定產業園區","status":"已開發","manager":"經濟部產業園區管理局","county":"彰化縣","parkId":154},"geometry":{"type":"Polygon","coordinates":[[[120.356239,23.925335],[120.356458,23.924614],[120.356053,23.922143],[120.354184,23.919085],[120.35412,23.918227],[120.35438,23.917722],[120.354067,23.916888],[120.353542,23.916101],[120.353186,23.915128],[120.352715,23.91463],[120.352007,23.913517],[120.351953,23.912819],[120.35102,23.908787],[120.35083,23.90883],[120.349934,23.905068],[120.35011,23.904983],[120.349984,23.904765],[120.344089,23.90865],[120.345265,23.912461],[120.345147,23.912892],[120.345224,23.913207],[120.34549,23.91313],[120.345552,23.913303],[120.345387,23.913352],[120.345529,23.913668],[120.345352,23.913721],[120.34591,23.915769],[120.347592,23.9212],[120.347599,23.921829],[120.34717,23.922135],[120.347773,23.922874],[120.34821,23.924157],[120.348934,23.924265],[120.349385,23.924494],[120.34979,23.924917],[120.350281,23.925895],[120.35164,23.926813],[120.352711,23.927026],[120.353872,23.926907],[120.354841,23.926412],[120.356239,23.925335]]]}},{"type":"Feature","properties":{"name":"彰化彰濱產業園區","type":"編定產業園區","status":"開發中","manager":"經濟部產業園區管理局","county":"彰化縣","parkId":155},"geometry":{"type":"Polygon","coordinates":[[[120.450075,24.149691],[120.446291,24.145191],[120.442474,24.140278],[120.438815,24.135411],[120.437667,24.133602],[120.43729,24.13212],[120.436213,24.125426],[120.436888,24.125423],[120.428278,24.092914],[120.424801,24.090333],[120.421223,24.08731],[120.419425,24.086011],[120.414638,24.075951],[120.412748,24.073821],[120.410963,24.073222],[120.410309,24.072879],[120.409222,24.071898],[120.408809,24.071244],[120.40559,24.063582],[120.405112,24.063381],[120.404544,24.062372],[120.403594,24.061085],[120.402599,24.060183],[120.401112,24.059293],[120.399766,24.05881],[120.398437,24.058555],[120.385045,24.058601],[120.364777,24.057754],[120.36989,24.069672],[120.376801,24.084758],[120.377892,24.092057],[120.429594,24.158402],[120.447278,24.158802],[120.457747,24.158782],[120.450075,24.149691]]]}},{"type":"Feature","properties":{"name":"社頭織襪產業園區","type":"編定產業園區","status":"已開發","manager":"經濟部產業園區管理局","county":"彰化縣","parkId":156},"geometry":{"type":"Polygon","coordinates":[[[120.601181,23.901286],[120.600854,23.901485],[120.600487,23.9031],[120.602387,23.903316],[120.602418,23.903157],[120.603509,23.902663],[120.603896,23.901779],[120.603827,23.901552],[120.603623,23.90143],[120.601181,23.901286]]]}},{"type":"Feature","properties":{"name":"朴子產業園區","type":"編定產業園區","status":"已開發","manager":"經濟部產業園區管理局","county":"嘉義縣","parkId":157},"geometry":{"type":"Polygon","coordinates":[[[120.248748,23.440658],[120.250388,23.440472],[120.250408,23.440612],[120.250603,23.440653],[120.250489,23.436547],[120.246478,23.436292],[120.245827,23.441115],[120.248748,23.440658]]]}},{"type":"Feature","properties":{"name":"義竹產業園區","type":"編定產業園區","status":"已開發","manager":"經濟部產業園區管理局","county":"嘉義縣","parkId":158},"geometry":{"type":"Polygon","coordinates":[[[120.221113,23.358074],[120.220755,23.357923],[120.218021,23.359268],[120.218634,23.361553],[120.224234,23.360278],[120.224128,23.359302],[120.221113,23.358074]]]}},{"type":"Feature","properties":{"name":"民雄產業園區","type":"編定產業園區","status":"已開發","manager":"經濟部產業園區管理局","county":"嘉義縣","parkId":159},"geometry":{"type":"Polygon","coordinates":[[[120.46032,23.530107],[120.460191,23.5301],[120.46036,23.529223],[120.460816,23.528026],[120.461079,23.526591],[120.461358,23.523977],[120.460232,23.523753],[120.460172,23.522307],[120.460577,23.522293],[120.460978,23.522604],[120.461525,23.52228],[120.461786,23.522478],[120.461932,23.522401],[120.462549,23.520713],[120.462958,23.518771],[120.463426,23.51802],[120.463193,23.517219],[120.461325,23.518443],[120.4609,23.518616],[120.458516,23.519042],[120.45803,23.519596],[120.457276,23.519366],[120.45593,23.518191],[120.455946,23.517733],[120.456412,23.517174],[120.456028,23.516628],[120.45523,23.516671],[120.453698,23.516321],[120.452845,23.516333],[120.450814,23.517026],[120.450666,23.516938],[120.449955,23.517125],[120.449262,23.517126],[120.448068,23.51816],[120.447621,23.518196],[120.447033,23.518436],[120.44636,23.518467],[120.445964,23.518254],[120.445725,23.518575],[120.445576,23.518592],[120.443999,23.518086],[120.442757,23.5185],[120.442338,23.518414],[120.44165,23.518564],[120.441625,23.518394],[120.441,23.518339],[120.440399,23.520559],[120.440673,23.52044],[120.44208,23.520713],[120.442142,23.521398],[120.442578,23.521854],[120.442343,23.522105],[120.44215,23.522068],[120.443456,23.524586],[120.443694,23.524705],[120.446819,23.524215],[120.45751,23.531162],[120.45821,23.531584],[120.459276,23.53197],[120.459485,23.531912],[120.459663,23.530863],[120.46032,23.530107]]]}},{"type":"Feature","properties":{"name":"大園產業園區","type":"編定產業園區","status":"已開發","manager":"經濟部產業園區管理局","county":"桃園市","parkId":160},"geometry":{"type":"MultiPolygon","coordinates":[[[[121.17689,25.077613],[121.177393,25.077521],[121.177036,25.07676],[121.177052,25.076528],[121.177348,25.075851],[121.178054,25.074994],[121.179086,25.074229],[121.18046,25.073622],[121.180937,25.073185],[121.18102,25.072766],[121.180319,25.069798],[121.180252,25.068509],[121.180466,25.068236],[121.182437,25.067113],[121.182636,25.066711],[121.182697,25.066026],[121.18331,25.065382],[121.178276,25.063236],[121.177823,25.063816],[121.177624,25.064798],[121.176347,25.067091],[121.176315,25.067419],[121.176612,25.068105],[121.176496,25.068469],[121.17596,25.069218],[121.175919,25.070086],[121.175386,25.070761],[121.174036,25.071626],[121.173745,25.072026],[121.173618,25.072548],[121.173731,25.073296],[121.174755,25.074144],[121.175071,25.074822],[121.174863,25.075694],[121.17378,25.076643],[121.173542,25.077043],[121.17358,25.077576],[121.173972,25.078188],[121.17689,25.077613]]],[[[121.190142,25.084656],[121.191653,25.084219],[121.192055,25.082673],[121.191372,25.081375],[121.19135,25.080737],[121.191615,25.080221],[121.194528,25.076193],[121.195478,25.075637],[121.197014,25.075278],[121.197776,25.074858],[121.19821,25.074146],[121.198612,25.072406],[121.196979,25.07093],[121.196479,25.071521],[121.196126,25.071219],[121.193361,25.073819],[121.192903,25.073778],[121.192212,25.07321],[121.191997,25.07285],[121.192009,25.072516],[121.193515,25.070567],[121.193841,25.070319],[121.192481,25.069351],[121.191236,25.070219],[121.190121,25.071426],[121.188053,25.072543],[121.187896,25.072871],[121.187869,25.07384],[121.187666,25.074188],[121.187367,25.074383],[121.185697,25.074817],[121.182946,25.074854],[121.180277,25.075784],[121.180397,25.076062],[121.180812,25.076442],[121.181136,25.076642],[121.181354,25.076473],[121.181462,25.076754],[121.181338,25.076841],[121.18179,25.077407],[121.181997,25.077284],[121.182589,25.077824],[121.182738,25.078031],[121.18268,25.078176],[121.182996,25.078554],[121.183141,25.078466],[121.183394,25.078666],[121.183532,25.078502],[121.183802,25.078721],[121.183691,25.079022],[121.184278,25.079336],[121.184583,25.079663],[121.184642,25.079815],[121.184428,25.079984],[121.185011,25.081055],[121.186132,25.08042],[121.186276,25.079934],[121.18658,25.079732],[121.186404,25.080374],[121.186475,25.080529],[121.188806,25.082611],[121.189085,25.082396],[121.189421,25.082619],[121.18924,25.083457],[121.189556,25.083385],[121.189678,25.083641],[121.189394,25.084212],[121.18971,25.084614],[121.190142,25.084656]]]]}},{"type":"Feature","properties":{"name":"光華樂活創意園區\n(光華工業區一期)","type":"編定產業園區","status":"已開發","manager":"經濟部產業園區管理局","county":"花蓮縣","parkId":161},"geometry":{"type":"Polygon","coordinates":[[[121.598116,23.936643],[121.591889,23.927151],[121.589221,23.928592],[121.590981,23.931231],[121.591521,23.930915],[121.593711,23.934301],[121.592681,23.934963],[121.59353,23.9363],[121.598193,23.936759],[121.598116,23.936643]]]}},{"type":"Feature","properties":{"name":"和平產業園區","type":"編定產業園區","status":"開發中","manager":"經濟部產業園區管理局","county":"花蓮縣","parkId":162},"geometry":{"type":"MultiPolygon","coordinates":[[[[121.74504,24.278078],[121.744641,24.277161],[121.74362,24.273066],[121.742735,24.273384],[121.742348,24.273317],[121.741387,24.273695],[121.740109,24.273731],[121.739315,24.27406],[121.736932,24.273437],[121.736901,24.275242],[121.74003,24.276719],[121.741867,24.276598],[121.743995,24.278039],[121.74504,24.278078]]],[[[121.741085,24.321044],[121.743516,24.318708],[121.744953,24.317661],[121.754621,24.312913],[121.759393,24.311007],[121.770448,24.307589],[121.770798,24.307381],[121.770973,24.307112],[121.771002,24.30671],[121.770814,24.306358],[121.761601,24.297942],[121.761467,24.296962],[121.759502,24.295237],[121.759194,24.292797],[121.755089,24.289028],[121.752615,24.291297],[121.753126,24.292772],[121.752491,24.292878],[121.752524,24.293967],[121.752352,24.294423],[121.752578,24.295566],[121.752335,24.29708],[121.750267,24.297958],[121.749757,24.298437],[121.745903,24.306453],[121.745223,24.308914],[121.746247,24.311275],[121.745388,24.312895],[121.744513,24.313583],[121.745177,24.31374],[121.74227,24.315538],[121.74129,24.316305],[121.740456,24.3213],[121.740906,24.321632],[121.741069,24.321594],[121.741085,24.321044]]]]}},{"type":"Feature","properties":{"name":"美崙產業園區","type":"編定產業園區","status":"已開發","manager":"經濟部產業園區管理局","county":"花蓮縣","parkId":163},"geometry":{"type":"Polygon","coordinates":[[[121.629617,24.019045],[121.629892,24.019063],[121.629898,24.018458],[121.631122,24.018017],[121.632797,24.020557],[121.633364,24.021034],[121.638226,24.01737],[121.638306,24.017126],[121.637447,24.015938],[121.637483,24.015493],[121.637427,24.015582],[121.637049,24.015237],[121.63517,24.013117],[121.63404,24.012041],[121.633211,24.011513],[121.632782,24.011435],[121.632758,24.01123],[121.632516,24.01135],[121.627282,24.009839],[121.627152,24.009827],[121.627152,24.009967],[121.62185,24.008505],[121.618558,24.011079],[121.62564,24.018863],[121.627739,24.017999],[121.627952,24.018066],[121.627963,24.01822],[121.627788,24.018359],[121.628117,24.018945],[121.628696,24.018964],[121.629058,24.019235],[121.629617,24.019045]]]}},{"type":"Feature","properties":{"name":"元長產業園區","type":"編定產業園區","status":"已開發","manager":"經濟部產業園區管理局","county":"雲林縣","parkId":164},"geometry":{"type":"Polygon","coordinates":[[[120.332187,23.608761],[120.329378,23.608642],[120.330005,23.609443],[120.330197,23.610326],[120.330906,23.611031],[120.331297,23.614615],[120.333656,23.614516],[120.332636,23.608798],[120.332187,23.608761]]]}},{"type":"Feature","properties":{"name":"豐田產業園區","type":"編定產業園區","status":"已開發","manager":"經濟部產業園區管理局","county":"雲林縣","parkId":165},"geometry":{"type":"Polygon","coordinates":[[[120.46992,23.642557],[120.46867,23.636694],[120.467333,23.636913],[120.466894,23.63489],[120.46823,23.634649],[120.467838,23.632297],[120.46744,23.632379],[120.466307,23.63376],[120.465996,23.635021],[120.465421,23.635101],[120.464864,23.636053],[120.463869,23.636596],[120.464853,23.64121],[120.466633,23.640884],[120.466945,23.642127],[120.466662,23.64333],[120.468373,23.643034],[120.469924,23.642924],[120.46992,23.642557]]]}},{"type":"Feature","properties":{"name":"南崗產業園區","type":"編定產業園區","status":"已開發","manager":"經濟部產業園區管理局","county":"南投縣","parkId":166},"geometry":{"type":"Polygon","coordinates":[[[120.664073,23.945211],[120.666502,23.943541],[120.667764,23.942003],[120.66769,23.941965],[120.668483,23.940625],[120.669013,23.939342],[120.669624,23.936144],[120.670316,23.935131],[120.670251,23.935043],[120.671167,23.934117],[120.671015,23.934035],[120.671204,23.933667],[120.671071,23.933534],[120.671421,23.932776],[120.671126,23.932653],[120.671217,23.932198],[120.671641,23.931599],[120.671455,23.931233],[120.671493,23.93102],[120.67207,23.929741],[120.671829,23.92952],[120.671344,23.929458],[120.671653,23.928121],[120.672773,23.928179],[120.672849,23.928076],[120.673108,23.928261],[120.673376,23.928262],[120.673451,23.927868],[120.673607,23.927913],[120.674404,23.926624],[120.67404,23.92642],[120.674249,23.926074],[120.673864,23.925862],[120.674449,23.924946],[120.674076,23.924769],[120.674239,23.924396],[120.674921,23.924769],[120.675479,23.924836],[120.675752,23.924519],[120.675665,23.924082],[120.675916,23.923804],[120.675142,23.923627],[120.673965,23.923019],[120.673759,23.922377],[120.672493,23.921491],[120.672219,23.921036],[120.670845,23.920489],[120.670414,23.920149],[120.669992,23.920094],[120.6697,23.919771],[120.668889,23.919429],[120.668343,23.919259],[120.667915,23.919306],[120.667142,23.919155],[120.6654,23.917936],[120.664502,23.919163],[120.663943,23.919526],[120.662479,23.919695],[120.662318,23.920066],[120.66189,23.920024],[120.66195,23.919924],[120.660666,23.919317],[120.660771,23.91907],[120.659853,23.918786],[120.660605,23.916972],[120.660635,23.916561],[120.66088,23.916389],[120.660257,23.915749],[120.659058,23.915104],[120.658716,23.915083],[120.657647,23.914194],[120.657304,23.913645],[120.656202,23.912723],[120.656215,23.91251],[120.656031,23.91222],[120.65572,23.911946],[120.655193,23.911979],[120.654545,23.911311],[120.654086,23.911511],[120.653249,23.911421],[120.652763,23.911739],[120.652732,23.911631],[120.652401,23.911724],[120.652114,23.911578],[120.651922,23.912998],[120.651626,23.912891],[120.651315,23.913671],[120.650967,23.914068],[120.650924,23.914471],[120.651402,23.915053],[120.652354,23.915557],[120.65245,23.916066],[120.652686,23.916362],[120.653188,23.916524],[120.654184,23.917991],[120.654468,23.918046],[120.653266,23.918908],[120.652487,23.920316],[120.651994,23.920741],[120.65191,23.920625],[120.651081,23.921106],[120.651495,23.921441],[120.651398,23.92147],[120.652016,23.922419],[120.652894,23.923387],[120.652936,23.923789],[120.653185,23.923998],[120.653283,23.924707],[120.654935,23.927477],[120.654822,23.927995],[120.655125,23.928211],[120.655157,23.928652],[120.656088,23.929878],[120.656442,23.930994],[120.657325,23.931447],[120.657488,23.931885],[120.657891,23.932091],[120.659053,23.933442],[120.65918,23.933826],[120.660003,23.934481],[120.659713,23.934839],[120.659682,23.935691],[120.659005,23.935852],[120.65905,23.936067],[120.659419,23.936295],[120.659327,23.936436],[120.659995,23.936948],[120.660112,23.937235],[120.660913,23.937864],[120.660906,23.938264],[120.661086,23.938274],[120.661301,23.938986],[120.661446,23.939112],[120.661867,23.939101],[120.662168,23.939565],[120.663034,23.940001],[120.662535,23.941116],[120.662502,23.941667],[120.662021,23.942658],[120.662253,23.942811],[120.662175,23.943169],[120.662544,23.94334],[120.66232,23.943894],[120.662732,23.944119],[120.662881,23.943883],[120.662977,23.943962],[120.663074,23.94387],[120.664027,23.944976],[120.663719,23.945455],[120.664073,23.945211]]]}},{"type":"Feature","properties":{"name":"竹山產業園區","type":"編定產業園區","status":"已開發","manager":"經濟部產業園區管理局","county":"南投縣","parkId":167},"geometry":{"type":"Polygon","coordinates":[[[120.70509,23.769311],[120.705343,23.769155],[120.705213,23.768593],[120.70547,23.768364],[120.70541,23.767488],[120.705665,23.76699],[120.705137,23.766443],[120.704502,23.7668],[120.704249,23.766596],[120.703644,23.76643],[120.703381,23.7667],[120.702789,23.766925],[120.701468,23.766456],[120.700972,23.767066],[120.700089,23.766987],[120.698964,23.767291],[120.700585,23.770886],[120.70509,23.769311]]]}},{"type":"Feature","properties":{"name":"高雄臨海產業園區","type":"編定產業園區","status":"已開發","manager":"經濟部產業園區管理局","county":"高雄市","parkId":168},"geometry":{"type":"MultiPolygon","coordinates":[[[[120.345929,22.565409],[120.346472,22.565252],[120.352579,22.558325],[120.362738,22.565388],[120.364199,22.565421],[120.369645,22.558575],[120.370417,22.558984],[120.37074,22.55901],[120.372443,22.558838],[120.373174,22.558383],[120.374226,22.557988],[120.374958,22.557888],[120.376395,22.558007],[120.376489,22.557565],[120.37675,22.557405],[120.376709,22.55694],[120.376408,22.556476],[120.376663,22.555366],[120.376448,22.555301],[120.376545,22.553956],[120.377242,22.553519],[120.377601,22.552921],[120.378232,22.552276],[120.378397,22.551173],[120.378993,22.550025],[120.37919,22.549074],[120.379494,22.545285],[120.379859,22.543307],[120.37975,22.542851],[120.380085,22.542392],[120.380625,22.541185],[120.380615,22.540781],[120.379538,22.539245],[120.379465,22.538207],[120.379818,22.538195],[120.379891,22.537733],[120.379577,22.536897],[120.378157,22.536889],[120.378131,22.535434],[120.377439,22.535173],[120.376861,22.534184],[120.375767,22.533522],[120.375906,22.533349],[120.374593,22.531922],[120.374624,22.531379],[120.374504,22.531074],[120.373432,22.52992],[120.372937,22.529028],[120.371614,22.527585],[120.371683,22.527528],[120.370572,22.52646],[120.369439,22.525661],[120.369279,22.525723],[120.368566,22.522443],[120.367946,22.521642],[120.366964,22.520871],[120.366042,22.519857],[120.366103,22.518962],[120.365801,22.518484],[120.364909,22.51771],[120.363534,22.515656],[120.362325,22.513362],[120.361588,22.51264],[120.35861,22.515228],[120.353327,22.520483],[120.347534,22.528113],[120.346203,22.529303],[120.345894,22.529325],[120.345179,22.528666],[120.344239,22.528335],[120.339319,22.528207],[120.338743,22.528566],[120.336391,22.530864],[120.33529,22.531694],[120.329223,22.534549],[120.32946,22.534955],[120.327418,22.537202],[120.331191,22.539999],[120.334665,22.539336],[120.334609,22.539073],[120.334722,22.539052],[120.335209,22.539155],[120.337896,22.540901],[120.340245,22.541252],[120.346269,22.536711],[120.346937,22.538758],[120.346848,22.53907],[120.347028,22.539373],[120.342638,22.54278],[120.342479,22.543015],[120.34475,22.544575],[120.344889,22.544465],[120.346528,22.545738],[120.346012,22.546505],[120.346465,22.547292],[120.346062,22.5478],[120.340556,22.543854],[120.337075,22.548024],[120.337384,22.548279],[120.336584,22.549227],[120.336232,22.54904],[120.336098,22.549193],[120.339565,22.551695],[120.339286,22.55203],[120.341492,22.553615],[120.336906,22.559284],[120.336721,22.559902],[120.336517,22.560144],[120.336816,22.560375],[120.336741,22.560501],[120.336909,22.56082],[120.339052,22.562516],[120.340068,22.562877],[120.342257,22.564125],[120.342101,22.564596],[120.341351,22.565447],[120.344763,22.565759],[120.344668,22.56665],[120.34487,22.566694],[120.345929,22.565409]]],[[[120.316459,22.582],[120.318821,22.579102],[120.315704,22.576814],[120.312392,22.580716],[120.316459,22.582]]]]}},{"type":"Feature","properties":{"name":"大發產業園區","type":"編定產業園區","status":"已開發","manager":"經濟部產業園區管理局","county":"高雄市","parkId":169},"geometry":{"type":"Polygon","coordinates":[[[120.436015,22.592474],[120.437092,22.587621],[120.437129,22.584294],[120.436987,22.584101],[120.434925,22.583058],[120.435246,22.579982],[120.434933,22.576396],[120.434478,22.572884],[120.433605,22.569443],[120.429756,22.568745],[120.429359,22.569107],[120.427948,22.569744],[120.425994,22.566566],[120.425873,22.565912],[120.423315,22.56654],[120.423277,22.56636],[120.422771,22.566849],[120.420162,22.570222],[120.421198,22.57192],[120.421386,22.572437],[120.422106,22.57681],[120.420483,22.586583],[120.421005,22.586869],[120.42257,22.591344],[120.423597,22.591699],[120.425196,22.591563],[120.429987,22.591852],[120.435989,22.592585],[120.436015,22.592474]]]}},{"type":"Feature","properties":{"name":"仁大產業園區","type":"編定產業園區","status":"已開發","manager":"經濟部產業園區管理局","county":"高雄市","parkId":170},"geometry":{"type":"MultiPolygon","coordinates":[[[[120.344913,22.699937],[120.344391,22.699671],[120.344655,22.699281],[120.343889,22.698886],[120.343482,22.698582],[120.343475,22.698445],[120.342922,22.698116],[120.342661,22.697839],[120.342874,22.697467],[120.342421,22.697255],[120.342097,22.697699],[120.341832,22.697557],[120.341389,22.697854],[120.341078,22.697844],[120.34064,22.69878],[120.340207,22.698966],[120.340021,22.699308],[120.338942,22.700393],[120.342024,22.702229],[120.343799,22.70306],[120.345351,22.700569],[120.344913,22.699937]]],[[[120.339685,22.729779],[120.340269,22.729769],[120.341344,22.729427],[120.342152,22.729333],[120.34205,22.72901],[120.343146,22.728589],[120.346274,22.717819],[120.343235,22.716992],[120.342565,22.718955],[120.339062,22.718013],[120.338728,22.718826],[120.338674,22.719498],[120.338089,22.721187],[120.337994,22.721296],[120.337618,22.721195],[120.337259,22.721294],[120.33613,22.722258],[120.335948,22.722748],[120.334784,22.723463],[120.334394,22.723763],[120.334346,22.72399],[120.334214,22.723937],[120.334039,22.724218],[120.333733,22.724395],[120.334063,22.72554],[120.334644,22.726308],[120.335088,22.726527],[120.335538,22.72729],[120.335516,22.727551],[120.336491,22.727566],[120.336746,22.727829],[120.336954,22.728345],[120.337394,22.728467],[120.337454,22.728638],[120.338038,22.72874],[120.338432,22.729101],[120.338414,22.729391],[120.338773,22.729476],[120.338959,22.729393],[120.339685,22.729779]]]]}},{"type":"Feature","properties":{"name":"鳳山產業園區","type":"編定產業園區","status":"已開發","manager":"經濟部產業園區管理局","county":"高雄市","parkId":171},"geometry":{"type":"Polygon","coordinates":[[[120.334632,22.616276],[120.334733,22.616288],[120.33475,22.616154],[120.334353,22.616106],[120.334748,22.614305],[120.332592,22.614294],[120.332183,22.618134],[120.334411,22.618348],[120.334632,22.616276]]]}},{"type":"Feature","properties":{"name":"林園產業園區","type":"編定產業園區","status":"已開發","manager":"經濟部產業園區管理局","county":"高雄市","parkId":172},"geometry":{"type":"Polygon","coordinates":[[[120.409252,22.513052],[120.412079,22.512887],[120.412248,22.512676],[120.412429,22.510383],[120.413007,22.506806],[120.414984,22.498441],[120.415612,22.494749],[120.416234,22.488851],[120.416308,22.487688],[120.416184,22.487685],[120.416351,22.484796],[120.404247,22.484705],[120.403664,22.484798],[120.40311,22.485069],[120.402671,22.485481],[120.399844,22.489707],[120.399828,22.490957],[120.400204,22.49111],[120.400309,22.491314],[120.400142,22.492489],[120.400498,22.493638],[120.400447,22.494411],[120.40014,22.495389],[120.400021,22.497589],[120.404635,22.497571],[120.404641,22.496836],[120.405488,22.496801],[120.405964,22.496986],[120.405485,22.498029],[120.405919,22.49819],[120.406217,22.499015],[120.406374,22.499053],[120.406331,22.499343],[120.406649,22.500011],[120.404277,22.500916],[120.404858,22.502319],[120.402255,22.503313],[120.404656,22.508912],[120.404889,22.511295],[120.405333,22.513147],[120.406898,22.513039],[120.40689,22.513179],[120.407401,22.513235],[120.409252,22.513052]]]}},{"type":"Feature","properties":{"name":"頭橋產業園區","type":"編定產業園區","status":"已開發","manager":"經濟部產業園區管理局","county":"嘉義縣","parkId":173},"geometry":{"type":"Polygon","coordinates":[[[120.437055,23.522968],[120.439798,23.518533],[120.438579,23.518494],[120.438562,23.518088],[120.436697,23.517913],[120.43497,23.517566],[120.43271,23.51764],[120.432634,23.517246],[120.432188,23.516847],[120.430608,23.516597],[120.429106,23.516726],[120.428756,23.516515],[120.427499,23.517995],[120.427171,23.518585],[120.426606,23.519026],[120.426148,23.519605],[120.426941,23.520069],[120.4285,23.520384],[120.428536,23.520489],[120.428432,23.520992],[120.427664,23.522471],[120.427094,23.52436],[120.428028,23.523952],[120.428741,23.524041],[120.430243,23.524833],[120.430626,23.524752],[120.430806,23.524841],[120.434,23.524899],[120.434847,23.525097],[120.435705,23.52507],[120.437055,23.522968]]]}},{"type":"Feature","properties":{"name":"南港軟體園區","type":"編定產業園區","status":"已開發","manager":"經濟部產業園區管理局","county":"臺北市","parkId":174},"geometry":{"type":"Polygon","coordinates":[[[121.611168,25.058986],[121.614001,25.058963],[121.614091,25.058874],[121.613856,25.056259],[121.612558,25.05628],[121.611963,25.05605],[121.611485,25.056302],[121.611168,25.058986]]]}},{"type":"Feature","properties":{"name":"大甲幼獅產業園區","type":"編定產業園區","status":"已開發","manager":"經濟部產業園區管理局","county":"臺中市","parkId":175},"geometry":{"type":"Polygon","coordinates":[[[120.645682,24.41322],[120.645703,24.412786],[120.645997,24.412208],[120.646989,24.41178],[120.647186,24.41183],[120.647744,24.411617],[120.648241,24.411181],[120.648346,24.410484],[120.648274,24.410313],[120.648071,24.410311],[120.648106,24.410002],[120.648828,24.409401],[120.650408,24.409301],[120.651708,24.408306],[120.654894,24.407396],[120.654968,24.407598],[120.655304,24.407359],[120.655586,24.406911],[120.656253,24.406886],[120.656848,24.407125],[120.657437,24.40659],[120.657905,24.406715],[120.658215,24.406647],[120.659317,24.40558],[120.662241,24.403501],[120.663828,24.402199],[120.664417,24.401559],[120.662894,24.401031],[120.66265,24.40082],[120.661383,24.400523],[120.661514,24.400127],[120.66085,24.399858],[120.659469,24.398441],[120.659153,24.397821],[120.655374,24.39267],[120.654001,24.394709],[120.652932,24.39555],[120.652339,24.395843],[120.651866,24.396516],[120.651638,24.396471],[120.651174,24.396671],[120.65065,24.397341],[120.650333,24.398661],[120.649191,24.401012],[120.647926,24.401649],[120.646783,24.40181],[120.646744,24.402037],[120.644543,24.402521],[120.643229,24.403546],[120.643089,24.403426],[120.642026,24.404064],[120.641614,24.403986],[120.641845,24.404135],[120.641722,24.404195],[120.643266,24.407819],[120.643623,24.408945],[120.643657,24.409634],[120.643125,24.415774],[120.643292,24.415249],[120.643808,24.414867],[120.644686,24.414786],[120.645253,24.414554],[120.645314,24.414233],[120.645696,24.413739],[120.645682,24.41322]]]}},{"type":"Feature","properties":{"name":"大里產業園區","type":"編定產業園區","status":"已開發","manager":"經濟部產業園區管理局","county":"臺中市","parkId":176},"geometry":{"type":"Polygon","coordinates":[[[120.720827,24.108892],[120.722377,24.108017],[120.721884,24.107549],[120.720646,24.106872],[120.7182,24.103663],[120.716896,24.101736],[120.716472,24.100777],[120.719404,24.099558],[120.719778,24.100345],[120.719336,24.100682],[120.720569,24.100052],[120.720377,24.100128],[120.719998,24.09931],[120.720123,24.099258],[120.719197,24.097579],[120.718631,24.096799],[120.717937,24.096121],[120.715883,24.094526],[120.713701,24.094294],[120.713983,24.095565],[120.71426,24.096208],[120.714658,24.096725],[120.71572,24.099092],[120.712419,24.100281],[120.709754,24.100912],[120.709795,24.101046],[120.710265,24.10173],[120.710963,24.101538],[120.711116,24.102029],[120.711596,24.101931],[120.711585,24.102419],[120.711992,24.103503],[120.711592,24.103743],[120.711804,24.104043],[120.712747,24.104403],[120.713149,24.104762],[120.71335,24.105148],[120.714089,24.105118],[120.715124,24.105457],[120.714623,24.106697],[120.715834,24.107046],[120.717123,24.107219],[120.717737,24.107677],[120.718661,24.107958],[120.719127,24.108518],[120.719735,24.108714],[120.720079,24.108527],[120.720534,24.108891],[120.720827,24.108892]]]}},{"type":"Feature","properties":{"name":"官田產業園區","type":"編定產業園區","status":"已開發","manager":"經濟部產業園區管理局","county":"臺南市","parkId":177},"geometry":{"type":"Polygon","coordinates":[[[120.323673,23.219493],[120.323532,23.217007],[120.324347,23.217313],[120.324643,23.215765],[120.325007,23.215675],[120.325329,23.215757],[120.324265,23.212396],[120.32424,23.21159],[120.324417,23.211199],[120.324425,23.210827],[120.326457,23.211472],[120.331116,23.212391],[120.331341,23.212323],[120.331715,23.208524],[120.331954,23.208234],[120.331874,23.206506],[120.332031,23.206146],[120.331772,23.205984],[120.33176,23.205808],[120.331905,23.204977],[120.331151,23.20404],[120.331049,23.203712],[120.331168,23.203321],[120.330867,23.202651],[120.330609,23.202493],[120.329952,23.202468],[120.329236,23.201966],[120.328204,23.201907],[120.327562,23.201666],[120.326039,23.201762],[120.32496,23.201089],[120.323542,23.200434],[120.322421,23.200718],[120.321858,23.201195],[120.320948,23.201125],[120.320577,23.200817],[120.320203,23.20108],[120.319046,23.201002],[120.318518,23.205542],[120.31976,23.205801],[120.318492,23.205651],[120.318466,23.206183],[120.319374,23.21842],[120.323673,23.219493]]]}},{"type":"Feature","properties":{"name":"龍德產業園區","type":"編定產業園區","status":"已開發","manager":"經濟部產業園區管理局","county":"宜蘭縣","parkId":178},"geometry":{"type":"Polygon","coordinates":[[[121.812456,24.638066],[121.812786,24.638075],[121.813064,24.637779],[121.813647,24.637627],[121.813784,24.637466],[121.814198,24.637474],[121.81436,24.637131],[121.814834,24.636981],[121.815282,24.637149],[121.815577,24.637094],[121.815772,24.637458],[121.816279,24.637329],[121.816276,24.637012],[121.816525,24.636914],[121.816745,24.63599],[121.816997,24.635985],[121.817112,24.635535],[121.817621,24.635079],[121.817753,24.635203],[121.819322,24.635287],[121.819603,24.635431],[121.819708,24.635649],[121.81996,24.635673],[121.819984,24.634967],[121.821508,24.634812],[121.821707,24.634928],[121.822165,24.634892],[121.822191,24.63502],[121.823055,24.635091],[121.82495,24.635926],[121.824963,24.636165],[121.826076,24.636245],[121.828507,24.637026],[121.828909,24.637877],[121.829677,24.636797],[121.830207,24.637163],[121.830611,24.637081],[121.831308,24.637432],[121.831828,24.636888],[121.832034,24.636914],[121.831739,24.632871],[121.829383,24.632095],[121.828188,24.631281],[121.825524,24.628504],[121.822818,24.625149],[121.821696,24.624088],[121.819641,24.622468],[121.817046,24.62291],[121.816252,24.622364],[121.815002,24.622063],[121.814217,24.622048],[121.813618,24.622208],[121.813553,24.622378],[121.813004,24.622557],[121.811991,24.622434],[121.81035,24.6233],[121.810596,24.624136],[121.811105,24.624957],[121.81134,24.625729],[121.810973,24.626325],[121.810418,24.626804],[121.81081,24.627429],[121.810708,24.627466],[121.810801,24.627724],[121.811702,24.629745],[121.81174,24.630792],[121.812031,24.632035],[121.811952,24.632557],[121.812097,24.634157],[121.812553,24.635255],[121.812402,24.636118],[121.812188,24.636151],[121.812188,24.637303],[121.811868,24.637431],[121.811998,24.637965],[121.812456,24.638066]]]}},{"type":"Feature","properties":{"name":"利澤產業園區","type":"編定產業園區","status":"開發中","manager":"經濟部產業園區管理局","county":"宜蘭縣","parkId":179},"geometry":{"type":"Polygon","coordinates":[[[121.83548,24.667787],[121.837762,24.657371],[121.839286,24.651401],[121.840258,24.648157],[121.844125,24.6379],[121.845399,24.634176],[121.8396,24.633594],[121.835597,24.633501],[121.832018,24.632962],[121.831898,24.632806],[121.832101,24.636226],[121.833866,24.637007],[121.834805,24.637223],[121.832142,24.643301],[121.831876,24.644295],[121.830708,24.647174],[121.830271,24.648575],[121.83164,24.648889],[121.831671,24.649407],[121.831326,24.650399],[121.831285,24.651067],[121.829678,24.656058],[121.829567,24.656049],[121.829362,24.656539],[121.829267,24.657108],[121.829449,24.657252],[121.829278,24.65783],[121.828984,24.657603],[121.828766,24.658838],[121.828881,24.659076],[121.827964,24.663321],[121.829918,24.663649],[121.829532,24.666155],[121.830578,24.666296],[121.83548,24.667787]]]}},{"type":"Feature","properties":{"name":"屏南產業園區","type":"編定產業園區","status":"已開發","manager":"經濟部產業園區管理局","county":"屏東縣","parkId":180},"geometry":{"type":"Polygon","coordinates":[[[120.585571,22.412486],[120.587632,22.406269],[120.580503,22.403087],[120.579467,22.402486],[120.579055,22.402825],[120.577331,22.403612],[120.575542,22.404109],[120.574612,22.403396],[120.571759,22.405099],[120.571802,22.405275],[120.57026,22.40597],[120.565299,22.408951],[120.566388,22.41526],[120.567036,22.4158],[120.581254,22.417705],[120.581576,22.418446],[120.582519,22.419175],[120.583027,22.41977],[120.583545,22.418581],[120.585571,22.412486]]]}},{"type":"Feature","properties":{"name":"新竹產業園區","type":"編定產業園區","status":"已開發","manager":"經濟部產業園區管理局","county":"新竹縣","parkId":181},"geometry":{"type":"MultiPolygon","coordinates":[[[[121.003177,24.862951],[121.003142,24.86293],[121.003148,24.862957],[121.003177,24.862951]]],[[[121.003238,24.862941],[121.003208,24.862941],[121.003208,24.862968],[121.003238,24.862968],[121.003238,24.862941]]],[[[121.02529,24.864438],[121.024839,24.863209],[121.023889,24.862525],[121.023373,24.861719],[121.020435,24.860516],[121.019045,24.858595],[121.018719,24.857129],[121.017757,24.856355],[121.015616,24.85714],[121.014904,24.857693],[121.013168,24.858379],[121.013132,24.858297],[121.012775,24.858511],[121.012723,24.858439],[121.010369,24.859828],[121.008978,24.860115],[121.00759,24.860653],[121.007561,24.860756],[121.006931,24.860792],[121.005014,24.861816],[121.004348,24.862472],[121.003382,24.863146],[121.000883,24.864348],[120.99975,24.864595],[120.999146,24.86453],[120.998376,24.865341],[120.996993,24.866485],[120.996708,24.866912],[120.996258,24.867069],[120.995612,24.867813],[120.995563,24.868017],[120.995845,24.868419],[121.003577,24.874781],[121.003649,24.874703],[121.003796,24.874824],[121.003725,24.874904],[121.005191,24.876161],[121.006701,24.877371],[121.006845,24.877341],[121.006803,24.877457],[121.008137,24.878576],[121.010076,24.880048],[121.010272,24.879808],[121.010366,24.879196],[121.011071,24.877935],[121.011474,24.877666],[121.012101,24.877544],[121.012443,24.877196],[121.012296,24.876801],[121.012287,24.875925],[121.012407,24.875697],[121.010117,24.872282],[121.014937,24.869409],[121.015535,24.86893],[121.015468,24.868863],[121.017707,24.870807],[121.019603,24.872124],[121.024655,24.874711],[121.025007,24.874544],[121.025091,24.874277],[121.026734,24.874878],[121.02908,24.875515],[121.033861,24.876396],[121.037862,24.876703],[121.040968,24.876721],[121.0416,24.875126],[121.041865,24.874744],[121.042392,24.874461],[121.042197,24.874089],[121.03804,24.871659],[121.03492,24.871601],[121.034651,24.871396],[121.033959,24.870403],[121.033684,24.871836],[121.03282,24.87181],[121.026586,24.870311],[121.026524,24.870205],[121.026294,24.870245],[121.024513,24.869828],[121.023587,24.869374],[121.02313,24.868858],[121.022773,24.868285],[121.022762,24.868062],[121.022622,24.868042],[121.021752,24.86665],[121.021786,24.866536],[121.025206,24.864753],[121.025373,24.864638],[121.02529,24.864438]],[[121.010238,24.860338],[121.010178,24.859963],[121.009974,24.859946],[121.010195,24.859877],[121.010328,24.860281],[121.010238,24.860338]]]]}},{"type":"Feature","properties":{"name":"田中產業園區","type":"編定產業園區","status":"已開發","manager":"經濟部產業園區管理局","county":"彰化縣","parkId":182},"geometry":{"type":"Polygon","coordinates":[[[120.574161,23.852207],[120.57439,23.85181],[120.573223,23.842545],[120.56905,23.847119],[120.572615,23.851092],[120.572791,23.850909],[120.572947,23.85104],[120.572853,23.851142],[120.573309,23.851341],[120.573407,23.851501],[120.573224,23.851694],[120.573472,23.852043],[120.573689,23.851825],[120.573906,23.852001],[120.573721,23.852254],[120.573875,23.852496],[120.574161,23.852207]]]}},{"type":"Feature","properties":{"name":"埤頭產業園區","type":"編定產業園區","status":"已開發","manager":"經濟部產業園區管理局","county":"彰化縣","parkId":183},"geometry":{"type":"Polygon","coordinates":[[[120.459097,23.880103],[120.466033,23.876711],[120.465671,23.874406],[120.465268,23.874489],[120.463009,23.875626],[120.461861,23.876679],[120.460549,23.877361],[120.460159,23.877496],[120.459006,23.877523],[120.458931,23.88019],[120.459097,23.880103]]]}},{"type":"Feature","properties":{"name":"福興產業園區","type":"編定產業園區","status":"已開發","manager":"經濟部產業園區管理局","county":"彰化縣","parkId":184},"geometry":{"type":"Polygon","coordinates":[[[120.492711,24.015515],[120.495151,24.014985],[120.494839,24.014458],[120.493591,24.009313],[120.492802,24.009664],[120.49067,24.010037],[120.489621,24.010662],[120.487602,24.011228],[120.486684,24.011657],[120.486637,24.011549],[120.488689,24.016389],[120.492711,24.015515]]]}},{"type":"Feature","properties":{"name":"全興產業園區","type":"編定產業園區","status":"已開發","manager":"經濟部產業園區管理局","county":"彰化縣","parkId":185},"geometry":{"type":"Polygon","coordinates":[[[120.496654,24.183669],[120.499215,24.182483],[120.503887,24.180659],[120.506643,24.179432],[120.511941,24.174609],[120.515324,24.164962],[120.51523,24.164664],[120.515558,24.163915],[120.515226,24.163723],[120.515602,24.16059],[120.51629,24.15835],[120.516995,24.157154],[120.517054,24.156503],[120.517954,24.153773],[120.51778,24.153542],[120.518011,24.152386],[120.518483,24.151134],[120.518594,24.152134],[120.518824,24.151562],[120.518692,24.150137],[120.518368,24.148878],[120.518103,24.148395],[120.517866,24.148727],[120.517341,24.14848],[120.517168,24.1486],[120.516911,24.148544],[120.51614,24.147996],[120.515845,24.147499],[120.515586,24.14748],[120.515923,24.148544],[120.516278,24.149011],[120.516102,24.1492],[120.515757,24.149126],[120.51554,24.149237],[120.515429,24.149727],[120.514852,24.149797],[120.514667,24.149709],[120.514369,24.149987],[120.514249,24.150544],[120.514622,24.151276],[120.513896,24.151784],[120.514097,24.153612],[120.514698,24.153638],[120.514867,24.155138],[120.514772,24.156237],[120.514127,24.156296],[120.513611,24.15614],[120.51295,24.156301],[120.512672,24.156134],[120.511557,24.155954],[120.511004,24.156038],[120.510429,24.156484],[120.510218,24.15651],[120.510042,24.156067],[120.509321,24.155761],[120.509001,24.155957],[120.508498,24.156041],[120.508347,24.156209],[120.508184,24.157093],[120.508401,24.157576],[120.50837,24.158675],[120.507991,24.158485],[120.508087,24.158849],[120.508268,24.158991],[120.508892,24.161315],[120.50911,24.16134],[120.509231,24.161758],[120.509262,24.161919],[120.509096,24.16198],[120.509276,24.163299],[120.508042,24.163504],[120.507933,24.16289],[120.507535,24.162841],[120.507495,24.162611],[120.506838,24.162736],[120.50686,24.162866],[120.506558,24.162927],[120.506678,24.164245],[120.506036,24.164349],[120.506184,24.165607],[120.50641,24.166143],[120.505176,24.166286],[120.504677,24.166081],[120.504065,24.166016],[120.503962,24.166506],[120.504215,24.16826],[120.504518,24.169251],[120.504864,24.172644],[120.504579,24.175357],[120.504494,24.175366],[120.504659,24.176752],[120.500163,24.177147],[120.500172,24.177298],[120.49951,24.177373],[120.498739,24.178274],[120.498813,24.180987],[120.496827,24.181852],[120.49454,24.182462],[120.485312,24.181958],[120.48498,24.182131],[120.486278,24.183543],[120.486888,24.1838],[120.488695,24.183516],[120.495662,24.184309],[120.496654,24.183669]]]}},{"type":"Feature","properties":{"name":"嘉太產業園區","type":"編定產業園區","status":"已開發","manager":"經濟部產業園區管理局","county":"嘉義縣","parkId":186},"geometry":{"type":"Polygon","coordinates":[[[120.360464,23.510748],[120.361555,23.510678],[120.362115,23.510021],[120.364724,23.506583],[120.365199,23.504995],[120.353546,23.505045],[120.353549,23.504841],[120.35296,23.504857],[120.352964,23.506236],[120.353101,23.506235],[120.353121,23.506616],[120.35337,23.506846],[120.35361,23.506813],[120.353591,23.50714],[120.353983,23.507321],[120.355186,23.509335],[120.355957,23.509511],[120.356067,23.509859],[120.357119,23.509919],[120.357571,23.510127],[120.357861,23.510421],[120.358276,23.510413],[120.358276,23.510801],[120.358844,23.510973],[120.360464,23.510748]]]}},{"type":"Feature","properties":{"name":"林口工二產業園區","type":"編定產業園區","status":"已開發","manager":"經濟部產業園區管理局","county":"新北市","parkId":187},"geometry":{"type":"Polygon","coordinates":[[[121.401744,25.08464],[121.402708,25.084009],[121.404534,25.081612],[121.40456,25.081471],[121.40341,25.080525],[121.403391,25.080345],[121.404877,25.080385],[121.404989,25.080236],[121.404842,25.079858],[121.405041,25.079448],[121.40502,25.079241],[121.404392,25.078918],[121.403585,25.078167],[121.403387,25.077213],[121.402874,25.077109],[121.402018,25.076525],[121.402754,25.076222],[121.403641,25.076236],[121.404378,25.076644],[121.405121,25.077353],[121.405487,25.077076],[121.405531,25.076524],[121.405698,25.076462],[121.406328,25.076833],[121.406867,25.076671],[121.407554,25.076826],[121.407805,25.076717],[121.407904,25.076326],[121.408206,25.076275],[121.408867,25.075801],[121.408782,25.075687],[121.40757,25.07569],[121.406938,25.075951],[121.406394,25.076008],[121.405348,25.075694],[121.405032,25.075218],[121.401126,25.07525],[121.398594,25.076436],[121.398523,25.07636],[121.398158,25.077283],[121.39701,25.078271],[121.39729,25.079259],[121.397572,25.079754],[121.399349,25.081179],[121.4004,25.082491],[121.400723,25.08388],[121.401161,25.084767],[121.401744,25.08464]],[[121.401754,25.084522],[121.401753,25.084514],[121.401756,25.084521],[121.401754,25.084522]]]}},{"type":"Feature","properties":{"name":"瑞芳產業園區","type":"編定產業園區","status":"已開發","manager":"經濟部產業園區管理局","county":"新北市","parkId":188},"geometry":{"type":"Polygon","coordinates":[[[121.792584,25.102801],[121.792961,25.102813],[121.7933,25.102638],[121.793147,25.102382],[121.792291,25.101831],[121.792124,25.101246],[121.793086,25.100406],[121.793163,25.100016],[121.792903,25.099708],[121.791137,25.099057],[121.79116,25.098772],[121.790781,25.098174],[121.790876,25.098047],[121.790743,25.097911],[121.785212,25.095249],[121.784781,25.095464],[121.783851,25.095269],[121.783483,25.095381],[121.782849,25.095047],[121.782092,25.095188],[121.781272,25.095064],[121.780756,25.095249],[121.780493,25.09601],[121.780815,25.096358],[121.781697,25.096659],[121.781954,25.097001],[121.781979,25.097381],[121.781487,25.097761],[121.781743,25.097921],[121.782191,25.097459],[121.782867,25.097667],[121.783326,25.097204],[121.785408,25.098385],[121.785842,25.098422],[121.78595,25.098731],[121.78678,25.098845],[121.787761,25.099506],[121.788748,25.099873],[121.789795,25.100719],[121.790215,25.1015],[121.790572,25.101613],[121.790529,25.10216],[121.790655,25.10254],[121.792584,25.102801]]]}},{"type":"Feature","properties":{"name":"樹林產業園區","type":"編定產業園區","status":"已開發","manager":"經濟部產業園區管理局","county":"新北市","parkId":189},"geometry":{"type":"Polygon","coordinates":[[[121.421417,25.004018],[121.423071,25.002135],[121.422425,25.001744],[121.421869,25.001082],[121.421284,25.000711],[121.420522,25.000522],[121.420289,25.000208],[121.419725,24.999859],[121.41839,24.999791],[121.418208,24.999945],[121.417648,25.000049],[121.41691,24.999396],[121.416268,25.000153],[121.416173,25.000446],[121.416238,25.000136],[121.416179,25.000213],[121.416077,25.000945],[121.415827,25.001391],[121.416041,25.001599],[121.420862,25.00465],[121.421417,25.004018]]]}},{"type":"Feature","properties":{"name":"新北產業園區","type":"編定產業園區","status":"已開發","manager":"經濟部產業園區管理局","county":"新北市","parkId":190},"geometry":{"type":"Polygon","coordinates":[[[121.454785,25.07216],[121.456526,25.070524],[121.45814,25.069329],[121.459887,25.068262],[121.462541,25.066914],[121.462772,25.065083],[121.462081,25.064999],[121.461975,25.064858],[121.460513,25.064435],[121.459779,25.063977],[121.458953,25.063759],[121.457307,25.063034],[121.453501,25.063009],[121.453437,25.062681],[121.451905,25.062251],[121.451804,25.062092],[121.451839,25.061634],[121.451103,25.061624],[121.450898,25.061466],[121.450632,25.060923],[121.450482,25.060948],[121.445756,25.064346],[121.445637,25.06473],[121.445453,25.069511],[121.454785,25.07216]]]}},{"type":"Feature","properties":{"name":"土城產業園區","type":"編定產業園區","status":"已開發","manager":"經濟部產業園區管理局","county":"新北市","parkId":191},"geometry":{"type":"Polygon","coordinates":[[[121.428737,24.965905],[121.427974,24.965292],[121.426406,24.964404],[121.42621,24.964189],[121.42614,24.963385],[121.425439,24.96295],[121.422474,24.962003],[121.421863,24.961705],[121.419869,24.961581],[121.419027,24.961099],[121.418053,24.960221],[121.417821,24.960245],[121.416644,24.959185],[121.415396,24.958355],[121.414267,24.959428],[121.413557,24.958934],[121.412741,24.959505],[121.411974,24.958702],[121.411831,24.96009],[121.412119,24.961355],[121.412961,24.962771],[121.413753,24.963467],[121.415927,24.96452],[121.419185,24.965674],[121.419982,24.965736],[121.423398,24.966998],[121.42555,24.967955],[121.43163,24.972209],[121.434325,24.974407],[121.432698,24.971789],[121.433665,24.970366],[121.432801,24.969565],[121.431409,24.967873],[121.428737,24.965905]]]}},{"type":"Feature","properties":{"name":"林口工三產業園區","type":"編定產業園區","status":"已開發","manager":"經濟部產業園區管理局","county":"桃園市","parkId":192},"geometry":{"type":"Polygon","coordinates":[[[121.374968,25.065011],[121.376253,25.06501],[121.376614,25.064811],[121.377995,25.064459],[121.380349,25.063274],[121.382125,25.063244],[121.38219,25.063137],[121.382505,25.061776],[121.382287,25.059616],[121.382849,25.059353],[121.382247,25.057951],[121.382271,25.057484],[121.378891,25.056487],[121.380346,25.053473],[121.381216,25.052655],[121.381686,25.052078],[121.381794,25.051558],[121.382498,25.050924],[121.3821,25.050199],[121.380784,25.050982],[121.379611,25.051904],[121.373238,25.058147],[121.370412,25.061189],[121.36934,25.063113],[121.370533,25.064482],[121.374968,25.065011]]]}},{"type":"Feature","properties":{"name":"桃園幼獅產業園區","type":"編定產業園區","status":"已開發","manager":"經濟部產業園區管理局","county":"桃園市","parkId":193},"geometry":{"type":"Polygon","coordinates":[[[121.1726,24.930093],[121.174249,24.927226],[121.176087,24.925055],[121.177124,24.923514],[121.177722,24.922881],[121.172437,24.921117],[121.170125,24.921972],[121.170288,24.922248],[121.17009,24.923374],[121.169883,24.923474],[121.16989,24.923713],[121.169449,24.924111],[121.168939,24.92571],[121.168229,24.925556],[121.167433,24.927272],[121.167675,24.927431],[121.167851,24.927802],[121.16772,24.928086],[121.167932,24.928138],[121.167398,24.928834],[121.168404,24.929405],[121.168217,24.929647],[121.168489,24.92976],[121.168601,24.929573],[121.168965,24.930003],[121.169569,24.930102],[121.169441,24.930238],[121.169632,24.930446],[121.170298,24.93083],[121.170672,24.930232],[121.171983,24.931098],[121.1726,24.930093]]]}},{"type":"Feature","properties":{"name":"龜山產業園區","type":"編定產業園區","status":"已開發","manager":"經濟部產業園區管理局","county":"桃園市","parkId":194},"geometry":{"type":"Polygon","coordinates":[[[121.329107,24.989158],[121.329291,24.988332],[121.329484,24.988069],[121.328989,24.987814],[121.328273,24.987691],[121.328355,24.987515],[121.329384,24.986774],[121.329589,24.986777],[121.329869,24.986143],[121.329923,24.985543],[121.330296,24.985652],[121.330582,24.985488],[121.330782,24.984815],[121.331034,24.98479],[121.331288,24.984957],[121.331154,24.984343],[121.331227,24.983924],[121.331382,24.983799],[121.33176,24.983971],[121.331968,24.983137],[121.331845,24.98252],[121.332071,24.98171],[121.329364,24.980596],[121.328748,24.980532],[121.329878,24.979076],[121.328386,24.978331],[121.328274,24.978518],[121.328051,24.978461],[121.327946,24.978639],[121.327292,24.978536],[121.32696,24.977882],[121.327031,24.977513],[121.327904,24.97709],[121.327982,24.976788],[121.328619,24.976288],[121.326882,24.975201],[121.326757,24.975068],[121.327057,24.974621],[121.326981,24.974561],[121.32587,24.973897],[121.325313,24.973365],[121.325044,24.97345],[121.324742,24.973335],[121.322298,24.978065],[121.321035,24.979387],[121.321151,24.97961],[121.320096,24.980664],[121.319788,24.981458],[121.319372,24.981735],[121.31969,24.982089],[121.319686,24.982291],[121.319993,24.98241],[121.320065,24.982746],[121.319935,24.982856],[121.319942,24.984057],[121.31923,24.985502],[121.319202,24.986235],[121.320626,24.986838],[121.320746,24.987068],[121.321083,24.987142],[121.32101,24.987187],[121.32124,24.98735],[121.32113,24.987587],[121.324967,24.988574],[121.325812,24.989031],[121.328217,24.989906],[121.32854,24.989959],[121.329107,24.989158]]]}},{"type":"Feature","properties":{"name":"平鎮產業園區","type":"編定產業園區","status":"已開發","manager":"經濟部產業園區管理局","county":"桃園市","parkId":195},"geometry":{"type":"Polygon","coordinates":[[[121.201684,24.906403],[121.20356,24.906435],[121.204808,24.906164],[121.204602,24.905577],[121.20474,24.904212],[121.205025,24.904202],[121.205134,24.904727],[121.205961,24.904573],[121.205699,24.904072],[121.205928,24.903177],[121.205857,24.902995],[121.206336,24.90252],[121.206408,24.902105],[121.206378,24.90198],[121.206018,24.901923],[121.205775,24.901571],[121.205605,24.90102],[121.205591,24.900376],[121.205788,24.89983],[121.206256,24.899202],[121.206436,24.899071],[121.206688,24.899287],[121.206901,24.899264],[121.207064,24.899034],[121.20733,24.898266],[121.207199,24.898051],[121.207783,24.896042],[121.207041,24.896438],[121.206342,24.896158],[121.206759,24.895758],[121.206278,24.895627],[121.206456,24.895254],[121.206202,24.895005],[121.205135,24.894919],[121.205,24.895094],[121.204924,24.895925],[121.204785,24.895917],[121.204755,24.895632],[121.204716,24.896007],[121.203442,24.895926],[121.202407,24.896221],[121.198146,24.896574],[121.198029,24.896817],[121.197732,24.898443],[121.197424,24.898567],[121.197065,24.899493],[121.19715,24.901187],[121.19649,24.90283],[121.196202,24.905075],[121.19625,24.906711],[121.198066,24.906876],[121.199202,24.906781],[121.199233,24.906453],[121.201684,24.906403]]]}},{"type":"Feature","properties":{"name":"中壢產業園區","type":"編定產業園區","status":"已開發","manager":"經濟部產業園區管理局","county":"桃園市","parkId":196},"geometry":{"type":"Polygon","coordinates":[[[121.249978,24.999979],[121.250303,24.999533],[121.250447,24.998677],[121.250253,24.997778],[121.250225,24.996419],[121.249884,24.996148],[121.249732,24.995694],[121.250559,24.994959],[121.250518,24.99457],[121.250783,24.993353],[121.25193,24.993331],[121.252229,24.992037],[121.252224,24.991695],[121.251536,24.990742],[121.250784,24.99026],[121.250306,24.98967],[121.250446,24.988744],[121.250276,24.988272],[121.250485,24.987191],[121.250434,24.986587],[121.250874,24.986495],[121.25157,24.985359],[121.252935,24.984192],[121.253253,24.983617],[121.254257,24.982691],[121.249733,24.980691],[121.249631,24.980847],[121.249708,24.980679],[121.249626,24.98065],[121.2503,24.979537],[121.245233,24.977386],[121.244597,24.976988],[121.244206,24.976499],[121.244055,24.976041],[121.244033,24.975225],[121.244331,24.97526],[121.244329,24.975063],[121.244517,24.975041],[121.24449,24.974872],[121.244928,24.975096],[121.24525,24.975175],[121.245337,24.975092],[121.245616,24.97528],[121.2459,24.975162],[121.246016,24.974853],[121.246752,24.97494],[121.247086,24.975169],[121.247176,24.974986],[121.247153,24.973782],[121.246723,24.97291],[121.246401,24.971641],[121.246568,24.970483],[121.246525,24.970194],[121.246304,24.969931],[121.246264,24.969537],[121.24656,24.968956],[121.246192,24.968252],[121.246426,24.967972],[121.237421,24.964775],[121.237588,24.965214],[121.236716,24.966583],[121.236125,24.967986],[121.235917,24.969019],[121.23589,24.970075],[121.234833,24.96979],[121.23466,24.969847],[121.234673,24.969999],[121.23432,24.97047],[121.233838,24.970604],[121.232729,24.970589],[121.232399,24.970765],[121.23215,24.971126],[121.232299,24.972266],[121.233591,24.973336],[121.233591,24.974028],[121.232826,24.976553],[121.232707,24.978446],[121.232732,24.978984],[121.233309,24.980943],[121.233293,24.981407],[121.233615,24.982165],[121.234167,24.98292],[121.234304,24.983378],[121.234332,24.983948],[121.23398,24.984621],[121.234659,24.98526],[121.235102,24.985428],[121.237456,24.985729],[121.238938,24.986133],[121.239339,24.987081],[121.240144,24.990105],[121.240785,24.9913],[121.244956,24.995697],[121.247494,24.998103],[121.249701,24.999988],[121.249916,25.000081],[121.249978,24.999979]],[[121.252017,24.992486],[121.252025,24.992449],[121.252025,24.992486],[121.252017,24.992486]]]}},{"type":"Feature","properties":{"name":"觀音產業園區","type":"編定產業園區","status":"已開發","manager":"經濟部產業園區管理局","county":"桃園市","parkId":197},"geometry":{"type":"Polygon","coordinates":[[[121.125015,25.069363],[121.127975,25.069385],[121.128585,25.068926],[121.129073,25.068332],[121.129054,25.067836],[121.130145,25.066348],[121.130336,25.065208],[121.130404,25.06354],[121.130305,25.062648],[121.129275,25.062549],[121.128882,25.062904],[121.12878,25.06347],[121.128105,25.064103],[121.126599,25.062727],[121.126214,25.063076],[121.125193,25.06223],[121.125325,25.062105],[121.126032,25.062073],[121.127435,25.060939],[121.127943,25.060799],[121.128635,25.060356],[121.129011,25.059911],[121.13113,25.058276],[121.130484,25.056856],[121.131661,25.055998],[121.131578,25.05593],[121.132133,25.055426],[121.132251,25.054562],[121.132124,25.053509],[121.132311,25.053531],[121.134066,25.052179],[121.136249,25.050842],[121.137017,25.050734],[121.137818,25.050093],[121.136881,25.048913],[121.13694,25.048828],[121.135735,25.047504],[121.134974,25.046963],[121.134646,25.046999],[121.133882,25.046654],[121.13315,25.045896],[121.133188,25.045764],[121.132886,25.045465],[121.13282,25.045186],[121.131883,25.044918],[121.131181,25.045356],[121.131087,25.045601],[121.130371,25.046003],[121.129834,25.046079],[121.129261,25.045608],[121.128679,25.046548],[121.128097,25.04812],[121.128091,25.048634],[121.127472,25.049331],[121.126421,25.050148],[121.125954,25.050176],[121.124605,25.049412],[121.124518,25.049138],[121.124178,25.0493],[121.123932,25.049755],[121.123588,25.049513],[121.123421,25.049679],[121.123208,25.049654],[121.122637,25.050113],[121.121921,25.049672],[121.121689,25.049129],[121.120889,25.048225],[121.120773,25.048346],[121.120461,25.048076],[121.120375,25.048179],[121.119806,25.047685],[121.119255,25.047484],[121.118126,25.046268],[121.117541,25.045874],[121.116694,25.045042],[121.116217,25.04571],[121.116398,25.046098],[121.116008,25.046427],[121.115527,25.046299],[121.114985,25.047159],[121.114443,25.046952],[121.114133,25.047061],[121.113852,25.046886],[121.113253,25.046158],[121.112783,25.045961],[121.111671,25.044963],[121.111569,25.044665],[121.111105,25.044144],[121.110129,25.043731],[121.110055,25.043795],[121.109501,25.043221],[121.109561,25.043091],[121.109275,25.04286],[121.109367,25.042775],[121.10875,25.042543],[121.108224,25.042601],[121.108154,25.042197],[121.107798,25.041877],[121.108268,25.040556],[121.107796,25.039899],[121.106346,25.041143],[121.105646,25.041345],[121.105526,25.041534],[121.105263,25.042463],[121.105342,25.042808],[121.104896,25.044282],[121.104017,25.046289],[121.103499,25.049803],[121.102703,25.051413],[121.101692,25.052338],[121.101644,25.052692],[121.1007,25.054562],[121.100277,25.055083],[121.102508,25.056996],[121.102876,25.05827],[121.103448,25.059079],[121.104248,25.059484],[121.10611,25.061038],[121.107956,25.062277],[121.108654,25.062972],[121.110071,25.063287],[121.111545,25.064743],[121.112985,25.065253],[121.115305,25.065755],[121.115707,25.06572],[121.117245,25.064964],[121.118035,25.065003],[121.120243,25.066508],[121.121379,25.06749],[121.12214,25.067757],[121.123154,25.068672],[121.122624,25.069165],[121.123154,25.069646],[121.123436,25.06938],[121.125015,25.069363]]]}},{"type":"Feature","properties":{"name":"豐樂產業園區","type":"編定產業園區","status":"已開發","manager":"經濟部產業園區管理局","county":"臺東縣","parkId":198},"geometry":{"type":"MultiPolygon","coordinates":[[[[121.130788,22.755101],[121.131147,22.754937],[121.130852,22.754123],[121.130888,22.753447],[121.131614,22.752119],[121.129932,22.751805],[121.129914,22.754941],[121.130788,22.755101]]],[[[121.13486,22.753595],[121.130295,22.755624],[121.130792,22.75665],[121.131661,22.757976],[121.132957,22.758915],[121.135597,22.753974],[121.13486,22.753595]]]]}},{"type":"Feature","properties":{"name":"斗六產業園區","type":"編定產業園區","status":"已開發","manager":"經濟部產業園區管理局","county":"雲林縣","parkId":199},"geometry":{"type":"Polygon","coordinates":[[[120.601065,23.724836],[120.600728,23.720704],[120.600507,23.720645],[120.600443,23.720291],[120.600613,23.720031],[120.6002,23.716906],[120.600041,23.714092],[120.600054,23.710251],[120.599072,23.709266],[120.597943,23.70885],[120.597455,23.709094],[120.596889,23.708823],[120.596849,23.708565],[120.596828,23.708788],[120.596674,23.708775],[120.59671,23.70852],[120.595444,23.708244],[120.595389,23.708038],[120.59522,23.707971],[120.595131,23.708167],[120.595161,23.708334],[120.595316,23.708338],[120.59526,23.70861],[120.594687,23.709002],[120.594469,23.708846],[120.593532,23.708816],[120.593166,23.709491],[120.592841,23.709712],[120.592794,23.70993],[120.591608,23.709477],[120.590926,23.709475],[120.590599,23.710467],[120.59035,23.710576],[120.590111,23.710457],[120.588579,23.711791],[120.58795,23.714219],[120.587994,23.714834],[120.588805,23.714543],[120.588963,23.714777],[120.589376,23.714898],[120.58941,23.714792],[120.590274,23.715581],[120.589591,23.716629],[120.589773,23.716697],[120.589722,23.717888],[120.589808,23.717968],[120.588751,23.718011],[120.587168,23.718446],[120.586293,23.718114],[120.586832,23.718338],[120.586829,23.71877],[120.586528,23.718708],[120.58599,23.719463],[120.587778,23.720804],[120.587911,23.721295],[120.58873,23.721471],[120.588928,23.722247],[120.589016,23.722242],[120.588976,23.723258],[120.588838,23.723296],[120.588809,23.723462],[120.596645,23.724762],[120.601065,23.724836]],[[120.597085,23.72472],[120.597379,23.724719],[120.597772,23.724749],[120.597085,23.72472]]]}},{"type":"Feature","properties":{"name":"雲林科技產業園區","type":"編定產業園區","status":"開發中","manager":"經濟部產業園區管理局","county":"雲林縣","parkId":200},"geometry":{"type":"MultiPolygon","coordinates":[[[[120.557568,23.723296],[120.557569,23.723294],[120.557563,23.723294],[120.557568,23.723296]]],[[[120.517892,23.728957],[120.518349,23.7289],[120.518376,23.728445],[120.5188,23.728086],[120.520415,23.727251],[120.521297,23.727066],[120.522226,23.727085],[120.522257,23.726853],[120.522831,23.726827],[120.522879,23.726576],[120.521751,23.726407],[120.521772,23.72626],[120.52151,23.726227],[120.521583,23.725813],[120.522346,23.725809],[120.52156,23.725574],[120.52096,23.725607],[120.520938,23.725298],[120.519605,23.724911],[120.519526,23.725143],[120.519112,23.72499],[120.518767,23.725682],[120.518349,23.725246],[120.518392,23.724851],[120.517879,23.724623],[120.518402,23.723481],[120.517847,23.722285],[120.517311,23.722326],[120.517339,23.722899],[120.516261,23.723126],[120.515963,23.722801],[120.515507,23.721747],[120.514969,23.721253],[120.517326,23.720764],[120.51727,23.720309],[120.516158,23.719978],[120.515312,23.719142],[120.514062,23.71934],[120.51392,23.719594],[120.514044,23.719949],[120.51458,23.720527],[120.514888,23.721079],[120.51454,23.721147],[120.51455,23.720862],[120.513733,23.719995],[120.511997,23.719795],[120.511353,23.719472],[120.510866,23.720421],[120.509875,23.719435],[120.507956,23.718414],[120.507896,23.718174],[120.508193,23.717234],[120.507885,23.71695],[120.508462,23.715957],[120.50845,23.715562],[120.508785,23.714984],[120.50771,23.71416],[120.508286,23.713874],[120.509008,23.714226],[120.509887,23.715134],[120.510628,23.716848],[120.51071,23.716773],[120.511113,23.717123],[120.51097,23.717344],[120.51098,23.717801],[120.512319,23.717938],[120.513164,23.71764],[120.513494,23.717285],[120.513544,23.717397],[120.514175,23.717379],[120.514474,23.716548],[120.514016,23.715923],[120.514037,23.715755],[120.51501,23.711828],[120.51419,23.711679],[120.513921,23.71336],[120.513344,23.713388],[120.513535,23.711641],[120.512716,23.711466],[120.511846,23.711791],[120.510815,23.711771],[120.510925,23.710677],[120.5084,23.71042],[120.508519,23.709187],[120.506621,23.709026],[120.507,23.709667],[120.507016,23.710267],[120.507242,23.710337],[120.50738,23.71158],[120.509454,23.711905],[120.509535,23.712742],[120.509132,23.712778],[120.509214,23.71355],[120.508237,23.713605],[120.507452,23.714007],[120.506718,23.713258],[120.50648,23.712244],[120.506287,23.712381],[120.505018,23.712569],[120.504834,23.712714],[120.50436,23.713239],[120.504805,23.713682],[120.503905,23.714433],[120.502751,23.714598],[120.502804,23.713596],[120.501945,23.71394],[120.501268,23.713816],[120.500586,23.713417],[120.500728,23.713563],[120.500594,23.713872],[120.499827,23.71366],[120.499773,23.714221],[120.499596,23.714468],[120.49879,23.714742],[120.498582,23.715474],[120.497821,23.715918],[120.497873,23.716193],[120.499173,23.716853],[120.499461,23.717503],[120.500498,23.718725],[120.500981,23.720154],[120.501016,23.721037],[120.500177,23.720975],[120.500708,23.721454],[120.501649,23.722716],[120.502022,23.722874],[120.502724,23.723548],[120.503471,23.724976],[120.504389,23.726004],[120.508227,23.724562],[120.511431,23.726807],[120.512173,23.727094],[120.513369,23.72712],[120.513449,23.726938],[120.514546,23.727443],[120.514425,23.727641],[120.516398,23.728243],[120.516382,23.728518],[120.517384,23.72887],[120.517305,23.729266],[120.517548,23.729606],[120.517892,23.728957]]],[[[120.557568,23.723296],[120.555103,23.723581],[120.553494,23.723992],[120.553427,23.724184],[120.554271,23.725334],[120.554889,23.725333],[120.555675,23.72603],[120.555742,23.726385],[120.55602,23.726534],[120.557185,23.726594],[120.557933,23.726984],[120.559548,23.727536],[120.559865,23.72826],[120.560542,23.729066],[120.560173,23.729491],[120.560367,23.730298],[120.562934,23.730881],[120.564086,23.731498],[120.564246,23.731806],[120.564475,23.731851],[120.56689,23.734112],[120.568426,23.732843],[120.566517,23.731996],[120.566623,23.731917],[120.565884,23.730797],[120.565861,23.730693],[120.567611,23.730752],[120.567996,23.729179],[120.568116,23.729203],[120.568343,23.728787],[120.56812,23.728684],[120.567751,23.727408],[120.567551,23.727467],[120.566759,23.725948],[120.56588,23.725343],[120.564262,23.725759],[120.563569,23.725751],[120.563149,23.72562],[120.562477,23.725071],[120.561936,23.72489],[120.561983,23.724718],[120.561126,23.724511],[120.561074,23.724729],[120.558313,23.724171],[120.558963,23.724081],[120.557846,23.724023],[120.557624,23.723921],[120.557618,23.723564],[120.557977,23.723445],[120.557568,23.723296]]],[[[120.551382,23.745205],[120.552249,23.745207],[120.552694,23.744475],[120.552976,23.744479],[120.553112,23.744081],[120.553943,23.744375],[120.554017,23.744182],[120.55318,23.743854],[120.553361,23.742961],[120.552359,23.742535],[120.55201,23.742506],[120.551329,23.741651],[120.551006,23.741024],[120.54435,23.738563],[120.54773,23.739736],[120.548199,23.739138],[120.547934,23.738753],[120.548253,23.738351],[120.548519,23.738358],[120.549668,23.73926],[120.55009,23.739841],[120.549838,23.740424],[120.552719,23.741473],[120.552787,23.74131],[120.553168,23.741367],[120.555025,23.741925],[120.555104,23.741673],[120.554036,23.741145],[120.554424,23.740469],[120.554802,23.740612],[120.554809,23.740519],[120.554462,23.740419],[120.554932,23.739918],[120.5548,23.739762],[120.555057,23.739856],[120.555586,23.7404],[120.555068,23.739361],[120.554636,23.739081],[120.553951,23.738192],[120.554216,23.737899],[120.554518,23.738332],[120.554251,23.737879],[120.55398,23.737901],[120.553713,23.738236],[120.554063,23.738906],[120.552242,23.736729],[120.552033,23.736124],[120.551941,23.734369],[120.551703,23.733814],[120.551339,23.733388],[120.551404,23.733339],[120.549539,23.731474],[120.547821,23.730993],[120.546816,23.729886],[120.546136,23.728643],[120.545651,23.728239],[120.545503,23.728499],[120.54516,23.728364],[120.545317,23.728016],[120.544646,23.727592],[120.542695,23.728122],[120.540161,23.728432],[120.537343,23.729378],[120.535845,23.729525],[120.536127,23.728948],[120.535733,23.729581],[120.535957,23.729058],[120.53568,23.729584],[120.534675,23.729637],[120.534711,23.729895],[120.534425,23.729958],[120.534356,23.729695],[120.532727,23.730154],[120.531721,23.730821],[120.53172,23.731028],[120.531491,23.730995],[120.530507,23.731512],[120.529442,23.731758],[120.529585,23.731924],[120.529455,23.73196],[120.529431,23.732213],[120.530008,23.732761],[120.530498,23.733115],[120.530712,23.732781],[120.531197,23.733145],[120.531167,23.733271],[120.531228,23.733204],[120.531984,23.733739],[120.532238,23.733035],[120.533579,23.733703],[120.53416,23.732665],[120.534912,23.732938],[120.534777,23.733501],[120.535373,23.733631],[120.535355,23.733875],[120.536149,23.734087],[120.53622,23.733939],[120.537123,23.734187],[120.537308,23.734095],[120.538556,23.73453],[120.538728,23.73476],[120.539838,23.73489],[120.539801,23.735808],[120.540627,23.73582],[120.54072,23.735276],[120.542335,23.735876],[120.542213,23.736571],[120.544398,23.738111],[120.544218,23.738299],[120.54426,23.738415],[120.544057,23.738407],[120.544247,23.738489],[120.542437,23.737956],[120.542605,23.738043],[120.542561,23.73863],[120.542204,23.738567],[120.541563,23.738894],[120.540774,23.738604],[120.540712,23.738793],[120.540522,23.738802],[120.538904,23.738491],[120.537842,23.738425],[120.537212,23.738211],[120.536507,23.738196],[120.536752,23.737416],[120.535389,23.736919],[120.533831,23.736932],[120.533672,23.737537],[120.533079,23.73743],[120.533072,23.736942],[120.532191,23.736951],[120.531955,23.737573],[120.532504,23.737728],[120.531998,23.739049],[120.532552,23.739733],[120.533176,23.739992],[120.532842,23.739961],[120.533294,23.740173],[120.532732,23.740751],[120.532994,23.741438],[120.533615,23.74171],[120.533981,23.742295],[120.535342,23.742805],[120.537509,23.7446],[120.538107,23.744812],[120.539456,23.744147],[120.539634,23.743314],[120.538446,23.742803],[120.539223,23.741117],[120.540222,23.741722],[120.540478,23.741601],[120.542728,23.742498],[120.543759,23.742444],[120.544181,23.742633],[120.546017,23.742716],[120.54706,23.742961],[120.54697,23.743101],[120.547593,23.743229],[120.548124,23.743174],[120.548433,23.742892],[120.549877,23.743849],[120.549552,23.743863],[120.550182,23.744792],[120.551328,23.745322],[120.551382,23.745205]]]]}},{"type":"Feature","properties":{"name":"雲林離島式基礎產業園區","type":"編定產業園區","status":"開發中","manager":"經濟部產業園區管理局","county":"雲林縣","parkId":201},"geometry":{"type":"Polygon","coordinates":[[[120.20747,23.821798],[120.226462,23.817909],[120.226677,23.818225],[120.228107,23.817576],[120.231151,23.816952],[120.231144,23.8168],[120.226901,23.811036],[120.222766,23.805809],[120.224592,23.805216],[120.215971,23.795077],[120.2201,23.793678],[120.22022,23.793139],[120.220662,23.79288],[120.221856,23.792788],[120.221231,23.792339],[120.220171,23.791266],[120.218829,23.790378],[120.216083,23.787651],[120.208724,23.779214],[120.200231,23.769041],[120.200034,23.768035],[120.201089,23.764613],[120.200933,23.759361],[120.201401,23.758797],[120.202111,23.758779],[120.201427,23.757312],[120.200429,23.757469],[120.200926,23.758564],[120.20089,23.758839],[120.198222,23.758826],[120.198081,23.757763],[120.177708,23.757346],[120.155598,23.757232],[120.163059,23.774076],[120.163029,23.775051],[120.16534,23.773984],[120.16392,23.771372],[120.165651,23.767718],[120.168321,23.772607],[120.168582,23.772486],[120.173892,23.782215],[120.175652,23.782224],[120.177136,23.784941],[120.175374,23.784931],[120.184112,23.800972],[120.182515,23.801301],[120.18194,23.798923],[120.173018,23.800753],[120.17666,23.803795],[120.178065,23.804746],[120.178756,23.804611],[120.179954,23.803802],[120.18978,23.810395],[120.189141,23.811202],[120.188495,23.811761],[120.191069,23.813496],[120.20567,23.821656],[120.205627,23.821919],[120.205988,23.822102],[120.20747,23.821798]]]}},{"type":"Feature","properties":{"name":"竹南產業園區","type":"編定產業園區","status":"已開發","manager":"經濟部產業園區管理局","county":"苗栗縣","parkId":202},"geometry":{"type":"MultiPolygon","coordinates":[[[[120.87979,24.706186],[120.879791,24.706183],[120.879787,24.706187],[120.87979,24.706186]]],[[[120.87979,24.706186],[120.878689,24.706626],[120.878076,24.707067],[120.87575,24.707439],[120.874025,24.707065],[120.873656,24.706792],[120.873715,24.706693],[120.872461,24.706252],[120.872333,24.706092],[120.870274,24.708552],[120.870783,24.709157],[120.871387,24.709414],[120.872004,24.710017],[120.87331,24.711782],[120.875119,24.71337],[120.875783,24.714929],[120.87616,24.715102],[120.876407,24.715556],[120.876709,24.715454],[120.881204,24.712287],[120.882903,24.711717],[120.884274,24.710446],[120.883308,24.710535],[120.883391,24.710138],[120.883298,24.709898],[120.882522,24.709698],[120.882137,24.70927],[120.881647,24.709026],[120.880115,24.707298],[120.879697,24.706587],[120.879652,24.706397],[120.87979,24.706186]]]]}},{"type":"Feature","properties":{"name":"銅鑼產業園區","type":"編定產業園區","status":"已開發","manager":"經濟部產業園區管理局","county":"苗栗縣","parkId":203},"geometry":{"type":"Polygon","coordinates":[[[120.793934,24.484775],[120.794397,24.484382],[120.796129,24.481102],[120.796655,24.480733],[120.796759,24.480196],[120.797018,24.479801],[120.796917,24.47962],[120.797122,24.478904],[120.796627,24.477926],[120.796535,24.47714],[120.795426,24.476292],[120.795005,24.475785],[120.794728,24.475439],[120.794896,24.475149],[120.793992,24.47398],[120.792686,24.473163],[120.79176,24.471456],[120.789667,24.47239],[120.790204,24.473627],[120.790438,24.473608],[120.790667,24.473887],[120.790733,24.47404],[120.790515,24.474204],[120.790709,24.474462],[120.79175,24.475173],[120.792247,24.476359],[120.792339,24.477947],[120.791655,24.479919],[120.791593,24.480641],[120.792359,24.482284],[120.792889,24.482938],[120.793279,24.484842],[120.793357,24.484774],[120.793504,24.485078],[120.793934,24.484775]]]}},{"type":"Feature","properties":{"name":"頭份產業園區","type":"編定產業園區","status":"已開發","manager":"經濟部產業園區管理局","county":"苗栗縣","parkId":204},"geometry":{"type":"Polygon","coordinates":[[[120.884742,24.678543],[120.885105,24.678959],[120.885781,24.678972],[120.886325,24.679205],[120.887655,24.680551],[120.887494,24.680741],[120.887579,24.681428],[120.887003,24.68144],[120.887142,24.682386],[120.893299,24.682459],[120.893856,24.68261],[120.894306,24.683272],[120.894732,24.683607],[120.894849,24.683972],[120.894285,24.684249],[120.894597,24.684548],[120.894512,24.685196],[120.894674,24.685234],[120.89509,24.685231],[120.894937,24.685053],[120.894981,24.684903],[120.896311,24.684145],[120.897077,24.684715],[120.898616,24.684908],[120.898737,24.684819],[120.898584,24.683022],[120.898392,24.682901],[120.898614,24.682771],[120.898557,24.682456],[120.898803,24.682059],[120.898792,24.681811],[120.898192,24.681897],[120.897644,24.681006],[120.897424,24.68105],[120.897374,24.680943],[120.897701,24.680578],[120.896852,24.679657],[120.896413,24.680019],[120.896319,24.679979],[120.895484,24.678651],[120.89539,24.678681],[120.894907,24.678056],[120.894323,24.678511],[120.894211,24.678484],[120.893887,24.67772],[120.895292,24.677054],[120.895689,24.676697],[120.897303,24.675759],[120.897887,24.674427],[120.897802,24.674034],[120.89629,24.673901],[120.894393,24.673383],[120.894036,24.67315],[120.892954,24.672795],[120.892549,24.672952],[120.892598,24.673281],[120.892683,24.673241],[120.892886,24.673744],[120.892538,24.674261],[120.892669,24.674312],[120.892634,24.674583],[120.892434,24.674515],[120.892387,24.674625],[120.891894,24.674347],[120.892577,24.674801],[120.891328,24.674222],[120.891545,24.674395],[120.891311,24.67458],[120.891285,24.675268],[120.89087,24.676596],[120.890533,24.677287],[120.8902,24.677556],[120.890442,24.678213],[120.889476,24.67849],[120.888926,24.67778],[120.888663,24.677661],[120.885198,24.676647],[120.884588,24.677421],[120.884742,24.678543]]]}},{"type":"Feature","properties":{"name":"大武崙產業園區","type":"編定產業園區","status":"已開發","manager":"經濟部產業園區管理局","county":"基隆市","parkId":205},"geometry":{"type":"Polygon","coordinates":[[[121.699541,25.152416],[121.699687,25.151329],[121.700265,25.150932],[121.699882,25.150281],[121.699668,25.150152],[121.699324,25.150849],[121.699392,25.150146],[121.699243,25.150344],[121.699805,25.148759],[121.700384,25.147896],[121.700662,25.14632],[121.701658,25.144701],[121.701726,25.143884],[121.701431,25.143533],[121.702148,25.142793],[121.7019,25.142381],[121.702074,25.141911],[121.701273,25.142063],[121.700839,25.141987],[121.700596,25.142212],[121.700161,25.142002],[121.69937,25.141919],[121.6989,25.142013],[121.698649,25.142258],[121.697395,25.142286],[121.697212,25.142151],[121.696493,25.142548],[121.695753,25.142593],[121.695493,25.143192],[121.695999,25.143297],[121.696281,25.143538],[121.697207,25.143845],[121.698419,25.143759],[121.698381,25.144027],[121.699367,25.144152],[121.699902,25.144574],[121.699928,25.145339],[121.699173,25.14613],[121.698683,25.147252],[121.69871,25.148754],[121.69848,25.149042],[121.697552,25.149238],[121.696514,25.150731],[121.696604,25.151143],[121.697238,25.152139],[121.697656,25.152103],[121.697857,25.15257],[121.699519,25.152559],[121.699541,25.152416]]]}},{"type":"Feature","properties":{"name":"永安產業園區","type":"編定產業園區","status":"己開發","manager":"經濟部產業園區管理局","county":"高雄市","parkId":206},"geometry":{"type":"Polygon","coordinates":[[[120.254061,22.817971],[120.255205,22.817295],[120.255026,22.817045],[120.255312,22.81686],[120.255145,22.816479],[120.255561,22.815627],[120.255865,22.815563],[120.256446,22.814186],[120.255833,22.813128],[120.25577,22.812754],[120.255509,22.812541],[120.255119,22.811769],[120.255364,22.810975],[120.256662,22.808278],[120.248989,22.808357],[120.248915,22.810472],[120.248573,22.812007],[120.248063,22.81326],[120.248202,22.813506],[120.248102,22.814563],[120.248394,22.814855],[120.248954,22.816212],[120.249156,22.816522],[120.25194,22.817263],[120.251916,22.817392],[120.252412,22.817744],[120.253032,22.817945],[120.254061,22.817971]]]}},{"type":"Feature","properties":{"name":"屏東科技產業園區擴區","type":"科技產業園區","status":"開發中","manager":"經濟部產業園區管理局","county":"屏東縣","parkId":207},"geometry":{"type":"Polygon","coordinates":[[[120.443346,22.660569],[120.44336,22.660692],[120.445982,22.660604],[120.447735,22.657859],[120.448999,22.654022],[120.445759,22.653052],[120.443346,22.660569]]]}},{"type":"Feature","properties":{"name":"高雄軟體園區第二園區","type":"科技產業園區","status":"開發中","manager":"經濟部產業園區管理局","county":"高雄市","parkId":208},"geometry":{"type":"Polygon","coordinates":[[[120.296994,22.605043],[120.29695,22.60568],[120.300211,22.606756],[120.300424,22.606187],[120.296994,22.605043]]]}},{"type":"Feature","properties":{"name":"馬稠後產業園區","type":"報編產業園區","status":"開發中","manager":"嘉義縣政府","county":"嘉義縣","parkId":209},"geometry":{"type":"Polygon","coordinates":[[[120.266865,23.448108],[120.267537,23.448507],[120.267879,23.44812],[120.268623,23.447617],[120.26942,23.447471],[120.269734,23.447773],[120.270768,23.449461],[120.271085,23.45047],[120.271472,23.450456],[120.272454,23.449455],[120.273051,23.448159],[120.273231,23.44817],[120.273397,23.44799],[120.273635,23.448089],[120.273634,23.448352],[120.273726,23.44836],[120.274177,23.448187],[120.275327,23.448111],[120.276359,23.44826],[120.27683,23.448527],[120.279158,23.446884],[120.280354,23.44552],[120.28052,23.445163],[120.28065,23.443319],[120.280477,23.443188],[120.280497,23.442783],[120.280277,23.442448],[120.279975,23.442208],[120.27926,23.442019],[120.278961,23.441706],[120.279181,23.441372],[120.275688,23.438759],[120.27795,23.436369],[120.282356,23.432758],[120.282176,23.432803],[120.282157,23.432639],[120.28191,23.432598],[120.281967,23.427793],[120.281513,23.427691],[120.280138,23.428186],[120.275889,23.428017],[120.274863,23.427782],[120.273861,23.429519],[120.273026,23.428318],[120.27126,23.428211],[120.271252,23.428335],[120.271294,23.427252],[120.270666,23.42702],[120.269281,23.427001],[120.269214,23.427387],[120.266346,23.42707],[120.265293,23.427098],[120.264522,23.427453],[120.264452,23.428526],[120.263615,23.428492],[120.263599,23.429903],[120.258122,23.432414],[120.259084,23.434192],[120.257487,23.434733],[120.257633,23.437064],[120.260667,23.437209],[120.260161,23.441477],[120.259831,23.442798],[120.261192,23.442729],[120.261524,23.444206],[120.262693,23.445247],[120.263143,23.446892],[120.264893,23.446599],[120.266398,23.447645],[120.266566,23.447922],[120.266867,23.447927],[120.266865,23.448108]]]}},{"type":"Feature","properties":{"name":"根協路竹科技產業園區","type":"報編產業園區","status":"開發中","manager":"公民營事業","county":"高雄市","parkId":210},"geometry":{"type":"Polygon","coordinates":[[[120.257274,22.845231],[120.258679,22.845551],[120.25897,22.845717],[120.258799,22.846176],[120.259145,22.846293],[120.259349,22.846044],[120.259546,22.846103],[120.259848,22.845842],[120.260127,22.845923],[120.261881,22.844273],[120.260972,22.843786],[120.261887,22.842329],[120.258885,22.841669],[120.258817,22.842404],[120.258537,22.843039],[120.257723,22.844106],[120.257274,22.845231]]]}},{"type":"Feature","properties":{"name":"龍崎工業區","type":"報編產業園區","status":"已開發","manager":"公民營事業","county":"臺南市","parkId":211},"geometry":{"type":"Polygon","coordinates":[[[120.417201,22.927713],[120.416769,22.927812],[120.416808,22.92851],[120.41775,22.928117],[120.418521,22.928335],[120.418684,22.928269],[120.41883,22.928172],[120.418633,22.92799],[120.418283,22.927731],[120.41783,22.927719],[120.417821,22.927515],[120.418578,22.926747],[120.419781,22.926417],[120.419761,22.925315],[120.419398,22.924259],[120.419551,22.924082],[120.419572,22.923874],[120.419433,22.923829],[120.419755,22.922821],[120.419282,22.922168],[120.419016,22.922161],[120.418714,22.921941],[120.418623,22.921329],[120.418056,22.92063],[120.418026,22.920138],[120.417601,22.919961],[120.417643,22.919382],[120.417539,22.91905],[120.417685,22.9184],[120.417649,22.918509],[120.417402,22.918421],[120.417431,22.918324],[120.417208,22.918366],[120.417331,22.918269],[120.417054,22.91796],[120.417172,22.917643],[120.416996,22.917227],[120.417273,22.916732],[120.415854,22.915522],[120.415373,22.915382],[120.415678,22.916662],[120.416447,22.918336],[120.416426,22.920333],[120.416856,22.922017],[120.416752,22.922122],[120.415915,22.922219],[120.415755,22.92211],[120.415004,22.9224],[120.414629,22.923569],[120.413874,22.923978],[120.413848,22.924188],[120.412827,22.924967],[120.412526,22.924903],[120.412377,22.925266],[120.411915,22.925151],[120.411954,22.924512],[120.411027,22.924202],[120.410707,22.924421],[120.410651,22.924745],[120.410141,22.924523],[120.40959,22.924588],[120.409406,22.924732],[120.409459,22.92546],[120.409075,22.925667],[120.40901,22.926087],[120.409147,22.926231],[120.409439,22.926228],[120.409515,22.92631],[120.40936,22.926506],[120.40948,22.926559],[120.409559,22.92634],[120.409827,22.926346],[120.410169,22.92615],[120.410501,22.926341],[120.410988,22.926267],[120.411305,22.925774],[120.4117,22.926199],[120.411641,22.926351],[120.411818,22.926984],[120.410975,22.92723],[120.410833,22.927395],[120.41062,22.927363],[120.410497,22.927741],[120.410922,22.927909],[120.410589,22.92844],[120.410754,22.928846],[120.410388,22.929013],[120.410826,22.929247],[120.410878,22.929609],[120.41109,22.929692],[120.411283,22.930047],[120.411958,22.929753],[120.412134,22.929538],[120.412313,22.929187],[120.412091,22.928872],[120.412061,22.928336],[120.412172,22.928297],[120.412258,22.927854],[120.412595,22.927973],[120.412736,22.9277],[120.412351,22.926938],[120.411969,22.926523],[120.412182,22.926357],[120.412694,22.92645],[120.412851,22.926339],[120.412821,22.926097],[120.412401,22.925514],[120.412748,22.92541],[120.413416,22.925517],[120.413688,22.925323],[120.413999,22.925525],[120.414257,22.926045],[120.415104,22.926745],[120.41571,22.927463],[120.416448,22.927721],[120.41731,22.926981],[120.417958,22.926982],[120.417737,22.927233],[120.417725,22.927477],[120.417201,22.927713]]]}}]}